name,CMC,Type,Color,Set,Collector Number,Rarity,Color Category,status,Finish,board,maybeboard,image URL,image Back URL,tags,Notes,MTGO ID,Custom,Voucher,Artist
"Land Tax",1,"Enchantment",W,"leg","26",uncommon,null,Not Owned,Non-foil,mainboard,false,,,"Function: Value;Strict Enchantments: Enabler;Strict Noncreature: Enabler","",-1,false,false,"Brian Snõddy"
"On Thin Ice",1,"Snow Enchantment - Aura",W,"mh1","20",rare,null,Not Owned,Non-foil,mainboard,false,,,"Function: Interaction;Strict Blink: Payoff;Strict Enchantments: Enabler;Strict Noncreature: Enabler","",72412,false,false,"Lucas Graciano"
"Ossification",2,"Enchantment - Aura",W,"one","26",uncommon,null,Not Owned,Non-foil,mainboard,false,,,"Function: Interaction;Strict Blink: Payoff;Strict Enchantments: Enabler;Strict Noncreature: Enabler","",106267,false,false,"Nino Vecia"
"Ephemerate",1,"Instant",W,"mh1","7",common,null,Not Owned,Non-foil,mainboard,false,,,"Function: Interaction;Strict Blink: Enabler;Strict Noncreature: Enabler","",72386,false,false,"Bastien L. Deharme"
"Seam Rip",1,"Enchantment",W,"eoe","34",uncommon,null,Not Owned,Non-foil,mainboard,false,,,"Function: Interaction;Strict Blink: Payoff;Strict Enchantments: Enabler;Strict Noncreature: Enabler","",142681,false,false,"Sam Guay"
"Timeless Dragon",5,"Creature - Dragon",W,"mh2","35",rare,null,Not Owned,Non-foil,mainboard,false,,,"Function: Value;Strict Discard: Enabler;Strict Graveyard Cast: Enabler;Strict Graveyard Types: Enabler;Strict Power 4+: Enabler;Strict Power Matters: Enabler;Strict Reanimator: Enabler","",90439,false,false,"Anastasia Ovchinnikova"
"Solitude",5,"Creature - Elemental Incarnation",W,"mh2","32",mythic,null,Not Owned,Non-foil,mainboard,false,,,"Function: Interaction;Strict Blink: Payoff;Strict Lifegain: Enabler","",90433,false,false,"Evan Shipard"
"Prismatic Ending",1,"Sorcery",W,"mh2","25",uncommon,null,Not Owned,Non-foil,mainboard,false,,,"Function: Interaction;Strict Five-Color Domain: Payoff;Strict Noncreature: Enabler","",90419,false,false,"John Stanko"
"Lion Sash",2,"Artifact Creature - Equipment Cat",W,"neo","26",rare,null,Not Owned,Non-foil,mainboard,false,,,"Function: Interaction;Strict Artifacts: Enabler;Strict Counters: Enabler;Strict Counters: Payoff;Strict Equipment: Enabler","",96962,false,false,"Yongjae Choi"
"Collective Resistance",2,"Instant",G,"mh3","147",uncommon,null,Not Owned,Non-foil,mainboard,false,,,"Function: Interaction;Strict Noncreature: Enabler","",126311,false,false,"Raoul Vitale"
"Esper Sentinel",1,"Artifact Creature - Human Soldier",W,"mh2","12",rare,null,Not Owned,Non-foil,mainboard,false,,,"Function: Value;Strict Artifacts: Enabler;Strict Draw: Enabler;Strict Humans: Enabler;Strict Power Matters: Payoff","",90393,false,false,"Eric Deschamps"
"Zephyrim",4,"Creature - Human Warrior",W,"40k","20",rare,null,Not Owned,Non-foil,mainboard,false,,,"Function: Value;Strict Humans: Enabler","",108512,false,false,"Anna Steinbauer"
"Reprobation",2,"Enchantment - Aura",W,"mh1","23",common,null,Not Owned,Non-foil,mainboard,false,,,"Function: Interaction;Strict Enchantments: Enabler;Strict Noncreature: Enabler","",72418,false,false,"Igor Kieryluk"
"Sheltered by Ghosts",2,"Enchantment - Aura",W,"dsk","30",uncommon,null,Not Owned,Non-foil,mainboard,false,,,"Function: Interaction;Strict Blink: Payoff;Strict Enchantments: Enabler;Strict Noncreature: Enabler","",130191,false,false,"Mirko Failoni"
"Journey to Nowhere",2,"Enchantment",W,"zen","14",common,null,Not Owned,Non-foil,mainboard,false,,,"Function: Interaction;Strict Blink: Payoff;Strict Enchantments: Enabler;Strict Noncreature: Enabler","",34390,false,false,"Warren Mahy"
"Elite Spellbinder",3,"Creature - Human Cleric",W,"stx","17",rare,null,Not Owned,Non-foil,mainboard,false,,,"Strict Blink: Payoff;Strict Humans: Enabler","",88511,false,false,"Ryan Pancoast"
"Planar Disruption",2,"Enchantment - Aura",W,"one","28",common,null,Not Owned,Non-foil,mainboard,false,,,"Function: Interaction;Strict Enchantments: Enabler;Strict Noncreature: Enabler","",106271,false,false,"Campbell White"
"Sevinne's Reclamation",3,"Sorcery",W,"c19","5",rare,null,Not Owned,Non-foil,mainboard,false,,,"Function: Value;Strict Graveyard Cast: Payoff;Strict Noncreature: Enabler;Strict Reanimator: Payoff","",77064,false,false,"Zoltan Boros"
"Aang's Iceberg",3,"Enchantment",W,"tla","5",rare,null,Not Owned,Non-foil,mainboard,false,,,"Function: Interaction;Strict Blink: Payoff;Strict Enchantments: Enabler;Strict Noncreature: Enabler","",144486,false,false,"Matteo Bassini"
"Touch the Spirit Realm",3,"Enchantment",W,"neo","40",uncommon,null,Not Owned,Non-foil,mainboard,false,,,"Function: Interaction;Strict Blink: Enabler;Strict Blink: Payoff;Strict Enchantments: Enabler;Strict Noncreature: Enabler","",96994,false,false,"Marta Nael"
"Dusk Legion Duelist",2,"Creature - Vampire Soldier",W,"mom","11",rare,null,Not Owned,Non-foil,mainboard,false,,,"Function: Value;Strict Draw: Enabler","",109816,false,false,"Ryan Valle"
"Witch Enchanter",4,"Creature - Human Warlock",W,"mh3","239",uncommon,null,Not Owned,Non-foil,mainboard,false,,,"Function: Interaction;Strict Blink: Payoff;Strict Humans: Enabler","",126501,false,false,"Tyler Walpole"
"Éomer, King of Rohan",5,"Legendary Creature - Human Noble",RW,"ltc","52",rare,null,Not Owned,Non-foil,mainboard,false,,,"Function: Interaction;Function: Value;Strict Blink: Payoff;Strict Counters: Enabler;Strict Damage: Enabler;Strict Humans: Enabler;Strict Humans: Payoff;Strict Power Matters: Payoff","",113136,false,false,"Leonardo Borazio"
"Armageddon",4,"Sorcery",W,"lea","2",rare,null,Not Owned,Non-foil,mainboard,false,,,"Function: Interaction;Strict Noncreature: Enabler","",-1,false,false,"Jesper Myrfors"
"Swift Reconfiguration",1,"Enchantment - Aura",W,"nec","10",rare,null,Not Owned,Non-foil,mainboard,false,,,"Function: Interaction;Strict Enchantments: Enabler;Strict Noncreature: Enabler","",-1,false,false,"Nicholas Gregory"
"Knight of the White Orchid",2,"Creature - Human Knight",W,"sld","1045",rare,null,Not Owned,Non-foil,mainboard,false,,,"Function: Value;Strict Blink: Payoff;Strict Humans: Enabler","",-1,false,false,"Victor Adame Minguez"
"Voice of Victory",2,"Creature - Human Bard",W,"tdm","33",rare,null,Not Owned,Non-foil,mainboard,false,,,"Strict Humans: Enabler;Strict Taxes: Enabler","",139011,false,false,"Joshua Cairos"
"Cloud, Midgar Mercenary",2,"Legendary Creature - Human Soldier Mercenary",W,"fin","375",mythic,null,Not Owned,Non-foil,mainboard,false,,,"Function: Value;Strict Blink: Payoff;Strict Equipment: Glue;Strict Humans: Enabler","",141623,false,false,"Maji"
"Spider-Woman, Stunning Savior",2,"Legendary Creature - Spider Human Hero",UW,"spm","152",rare,null,Not Owned,Non-foil,mainboard,false,,,"Strict Humans: Enabler","",153547,false,false,"Justyna Dura"
"Stoneforge Mystic",2,"Creature - Kor Artificer",W,"wwk","20",rare,null,Not Owned,Non-foil,mainboard,false,,,"Function: Value;Strict Blink: Payoff;Strict Equipment: Glue","",35737,false,false,"Mike Bierek"
"Adeline, Resplendent Cathar",3,"Legendary Creature - Human Knight",W,"mid","1",rare,null,Not Owned,Non-foil,mainboard,false,,,"Function: Value;Strict Attack: Glue;Strict Humans: Enabler;Strict Power Matters: Enabler;Strict Tokens: Enabler","",92916,false,false,"Bryan Sola"
"Wall of Omens",2,"Creature - Wall",W,"roe","53",uncommon,null,Not Owned,Non-foil,mainboard,false,,,"Function: Value;Strict Blink: Payoff;Strict Draw: Enabler","",36526,false,false,"James Paick"
"Phelia, Exuberant Shepherd",2,"Legendary Creature - Dog",W,"mh3","40",rare,null,Not Owned,Non-foil,mainboard,false,,,"Strict Attack: Enabler;Strict Blink: Enabler;Strict Counters: Enabler","",126097,false,false,"Rudy Siswanto"
"Aven Interrupter",3,"Creature - Bird Rogue",W,"otj","4",rare,null,Not Owned,Non-foil,mainboard,false,,,"Function: Interaction;Strict Blink: Payoff;Strict Taxes: Enabler","",123919,false,false,"Daniel Romanovsky"
"Hymn to Tourach",2,"Sorcery",B,"fem","38a",common,null,Not Owned,Non-foil,mainboard,false,,,"Strict Noncreature: Enabler","",-1,false,false,"Susan Van Camp"
"Skyclave Apparition",3,"Creature - Kor Spirit",W,"znr","39",rare,null,Not Owned,Non-foil,mainboard,false,,,"Function: Interaction;Strict Blink: Payoff","",83023,false,false,"Donato Giancola"
"Endless Foot Assault",3,"Enchantment",W,"tmc","8",rare,null,Not Owned,Non-foil,mainboard,false,,,"Function: Value;Strict Attack: Glue;Strict Enchantments: Enabler;Strict Noncreature: Enabler;Strict Tokens: Enabler","",147345,false,false,"Ryan Valle"
"Delney, Streetwise Lookout",3,"Legendary Creature - Human Scout",W,"mkm","12",mythic,null,Not Owned,Non-foil,mainboard,false,,,"Strict Attack: Payoff;Strict Blink: Payoff;Strict Combat Damage: Payoff;Strict Humans: Enabler","",121512,false,false,"Darren Tan"
"Flickerwisp",3,"Creature - Elemental",W,"eve","6",uncommon,null,Not Owned,Non-foil,mainboard,false,,,"Strict Blink: Enabler;Strict Blink: Payoff","",29970,false,false,"Jeremy Enecio"
"Thraben Inspector",1,"Creature - Human Soldier",W,"inr","301",common,null,Not Owned,Foil,mainboard,false,,,"Function: Value;Strict Blink: Payoff;Strict Humans: Enabler","",135314,false,false,"Aurore Folny"
"Welcoming Vampire",3,"Creature - Vampire",W,"vow","46",rare,null,Not Owned,Non-foil,mainboard,false,,,"Function: Value;Strict Blink: Payoff;Strict Draw: Enabler","",94392,false,false,"Lorenzo Mastroianni"
"Enduring Innocence",3,"Enchantment Creature - Sheep Glimmer",W,"dsk","6",rare,null,Not Owned,Non-foil,mainboard,false,,,"Function: Value;Strict Blink: Payoff;Strict Dies: Payoff;Strict Draw: Enabler;Strict Enchantments: Enabler;Strict Lifegain: Enabler","",130143,false,false,"Liiga Smilshkalne"
"Overlord of the Mistmoors",7,"Enchantment Creature - Avatar Horror",W,"dsk","23",mythic,null,Not Owned,Non-foil,mainboard,false,,,"Function: Value;Strict Attack: Enabler;Strict Blink: Payoff;Strict Enchantments: Enabler;Strict Power 4+: Enabler;Strict Power Matters: Enabler;Strict Tokens: Enabler","",130177,false,false,"Steven Belledin"
"Bronzebeak Foragers",4,"Creature - Dinosaur",W,"lcc","69",rare,null,Not Owned,Non-foil,mainboard,false,,,"Function: Interaction;Strict Blink: Payoff;Strict Lifegain: Enabler","",119142,false,false,"Brian Valeza"
"Mondrak, Glory Dominus",4,"Legendary Creature - Phyrexian Horror",W,"one","23",mythic,null,Not Owned,Non-foil,mainboard,false,,,"Strict Power 4+: Enabler;Strict Power Matters: Enabler;Strict Tokens: Payoff","",106261,false,false,"Jason A. Engle"
"Magma Opus",8,"Instant",RU,"stx","203",mythic,null,Not Owned,Non-foil,mainboard,false,,,"Function: Interaction;Function: Value;Strict Artifacts: Enabler;Strict Damage: Enabler;Strict Draw: Enabler;Strict Noncreature: Enabler;Strict Power 4+: Enabler;Strict Tokens: Enabler","",88913,false,false,"Liiga Smilshkalne"
"Beza, the Bounding Spring",4,"Legendary Creature - Elemental Elk",W,"blb","2",mythic,null,Not Owned,Non-foil,mainboard,false,,,"Function: Value;Strict Artifacts: Enabler;Strict Blink: Payoff;Strict Draw: Enabler;Strict Lifegain: Enabler;Strict Power 4+: Enabler;Strict Power Matters: Enabler;Strict Tokens: Enabler","",129249,false,false,"Martin Wittfooth"
"Palace Jailer",4,"Creature - Human Soldier",W,"cn2","18",uncommon,null,Not Owned,Non-foil,mainboard,false,,,"Function: Interaction;Function: Value;Strict Blink: Payoff;Strict Humans: Enabler","",-1,false,false,"David Palumbo"
"Rick, Steadfast Leader",4,"Legendary Creature - Human Soldier",W,"sld","143",mythic,null,Not Owned,Non-foil,mainboard,false,,,"Strict Humans: Enabler;Strict Humans: Payoff","",84760,false,false,"Jake Murray"
"Ultima",5,"Sorcery",W,"pss5","1",rare,null,Not Owned,Non-foil,mainboard,false,,,"Function: Interaction;Strict Noncreature: Enabler","",-1,false,false,"Kotakan"
"Cosmogrand Zenith",3,"Creature - Human Soldier",W,"eoe","9",mythic,null,Not Owned,Non-foil,mainboard,false,,,"Function: Value;Strict Counters: Enabler;Strict Humans: Enabler;Strict Tokens: Enabler","",142631,false,false,"Anna Steinbauer"
"Phyrexian Metamorph",4,"Artifact Creature - Phyrexian Shapeshifter",U,"nph","42",rare,null,Not Owned,Non-foil,mainboard,false,,,"Strict Artifacts: Enabler","",39734,false,false,"Jana Schirmer & Johannes Voss"
"Glimmer Lens",2,"Artifact - Equipment",W,"onc","6",rare,null,Not Owned,Non-foil,mainboard,false,,,"Function: Value;Strict Artifacts: Enabler;Strict Draw: Enabler;Strict Equipment: Enabler;Strict Noncreature: Enabler","",106875,false,false,"Sidharth Chaturvedi"
"Blade Splicer",3,"Creature - Phyrexian Human Artificer",W,"nph","4",rare,null,Not Owned,Non-foil,mainboard,false,,,"Function: Value;Strict Blink: Payoff;Strict Humans: Enabler;Strict Tokens: Enabler","",39996,false,false,"Greg Staples"
"Hero of Bladehold",4,"Creature - Human Knight",W,"mbs","8",mythic,null,Not Owned,Non-foil,mainboard,false,,,"Function: Value;Strict Attack: Enabler;Strict Attack: Glue;Strict Humans: Enabler;Strict Tokens: Enabler","",39539,false,false,"Austin Hsu"
"Aerial Extortionist",5,"Creature - Bird Soldier",W,"ncc","11",rare,null,Not Owned,Non-foil,mainboard,false,,,"Function: Interaction;Function: Value;Strict Blink: Payoff;Strict Combat Damage: Enabler;Strict Draw: Enabler;Strict Power 4+: Enabler;Strict Power Matters: Enabler","",-1,false,false,"Deruchenko Alexander"
"Dion, Bahamut's Dominant",4,"Legendary Creature - Human Noble Knight",W,"fin","16",rare,null,Not Owned,Non-foil,mainboard,false,,,"Function: Interaction;Function: Value;Strict Blink: Payoff;Strict Counters: Enabler;Strict Humans: Enabler;Strict Tokens: Enabler","",140951,false,false,"Kevin Glint"
"Spirited Companion",2,"Enchantment Creature - Dog",W,"neo","38",common,null,Not Owned,Non-foil,mainboard,false,,,"Function: Value;Strict Blink: Payoff;Strict Draw: Enabler;Strict Enchantments: Enabler","",96990,false,false,"Ilse Gort"
"Bane of Progress",6,"Creature - Elemental",G,"c13","137",rare,null,Not Owned,Non-foil,mainboard,false,,,"Function: Interaction;Strict Blink: Payoff;Strict Counters: Enabler;Strict Ramp: Glue","",51420,false,false,"Lars Grant-West"
"Demolisher Spawn",7,"Enchantment Creature - Horror",G,"dsc","31",rare,null,Not Owned,Non-foil,mainboard,false,,,"Strict Attack: Enabler;Strict Enchantments: Enabler;Strict Graveyard Types: Payoff;Strict Power 4+: Enabler;Strict Power Matters: Enabler;Strict Ramp: Glue","",131383,false,false,"Nino Is"
"Heritage Reclamation",2,"Instant",G,"tdm","145",common,null,Not Owned,Non-foil,mainboard,false,,,"Function: Interaction;Function: Value;Strict Draw: Enabler;Strict Noncreature: Enabler","",139247,false,false,"Konstantin Porubov"
"Vaultborn Tyrant",7,"Creature - Dinosaur",G,"big","20",mythic,null,Not Owned,Non-foil,mainboard,false,,,"Function: Value;Strict Blink: Payoff;Strict Dies: Payoff;Strict Draw: Enabler;Strict Lifegain: Enabler;Strict Power 4+: Enabler;Strict Power 4+: Payoff;Strict Power Matters: Enabler;Strict Ramp: Glue;Strict Tokens: Enabler","",125401,false,false,"Loïc Canavaggia"
"Nyxborn Hydra",1,"Enchantment Creature - Hydra",G,"mh3","164",common,null,Not Owned,Non-foil,mainboard,false,,,"Strict Counters: Enabler;Strict Counters: Payoff;Strict Enchantments: Enabler","",126345,false,false,"Vincent Christiaens"
"Super Combo",2,"Sorcery",G,"tmc","34",rare,null,Not Owned,Non-foil,mainboard,false,,,"Function: Interaction;Strict Damage: Enabler;Strict Noncreature: Enabler;Strict Power Matters: Payoff","",147397,false,false,"Caroline Gariba"
"Berserk",1,"Instant",G,"lea","185",uncommon,null,Not Owned,Non-foil,mainboard,false,,,"Function: Interaction;Strict Noncreature: Enabler;Strict Power Matters: Payoff","",-1,false,false,"Dan Frazier"
"Lizard, Connors's Curse",4,"Legendary Creature - Lizard Villain",G,"spm","106",rare,null,Not Owned,Non-foil,mainboard,false,,,"Strict Blink: Payoff;Strict Power 4+: Enabler;Strict Power Matters: Enabler","",153453,false,false,"Steve Prescott"
"Bloodbraid Challenger",5,"Creature - Elf Berserker",GR,"m3c","122",rare,null,Not Owned,Non-foil,mainboard,false,,,"Function: Value;Strict Graveyard Cast: Payoff;Strict Power 4+: Enabler;Strict Power Matters: Enabler","",127443,false,false,"Lie Setiawan"
"Sledge-Class Seedship",3,"Artifact - Spacecraft",G,"eoe","208",rare,null,Not Owned,Non-foil,mainboard,false,,,"Strict Artifacts: Enabler;Strict Attack: Enabler;Strict Noncreature: Enabler","",143029,false,false,"Leon Tukker"
"Icetill Explorer",4,"Creature - Insect Scout",G,"eoe","192",rare,null,Not Owned,Non-foil,mainboard,false,,,"Function: Value;Strict Graveyard Cast: Enabler;Strict Graveyard Cast: Payoff;Strict Graveyard Types: Enabler;Strict Landfall: Enabler;Strict Landfall: Payoff;Strict Ramp: Enabler;Strict Reanimator: Enabler","",142997,false,false,"Warren Mahy"
"Surrak, Elusive Hunter",3,"Legendary Creature - Human Warrior",G,"tdm","161",rare,null,Not Owned,Non-foil,mainboard,false,,,"Function: Value;Strict Draw: Enabler;Strict Humans: Enabler;Strict Power 4+: Enabler;Strict Power Matters: Enabler","",139281,false,false,"Dan Murayama Scott"
"Rocksteady, Mutant Marauder",3,"Legendary Creature - Rhino Mutant",G,"tmc","33",rare,null,Not Owned,Non-foil,mainboard,false,,,"Function: Value;Strict Blink: Payoff;Strict Counters: Enabler","",147395,false,false,"Kieran Yanner"
"Tireless Tracker",3,"Creature - Human Scout",G,"soi","233",rare,null,Not Owned,Non-foil,mainboard,false,,,"Function: Value;Strict Counters: Enabler;Strict Humans: Enabler;Strict Landfall: Payoff;Strict Sacrifice: Payoff","",60320,false,false,"Eric Deschamps"
"Augur of Autumn",3,"Creature - Human Druid",G,"mid","168",rare,null,Not Owned,Non-foil,mainboard,false,,,"Function: Value;Strict Humans: Enabler","",93318,false,false,"Billy Christian"
"Eternal Witness",3,"Creature - Human Shaman",G,"5dn","86",uncommon,null,Not Owned,Non-foil,mainboard,false,,,"Function: Value;Strict Blink: Payoff;Strict Humans: Enabler","",20856,false,false,"Terese Nielsen"
"Return of the Wildspeaker",5,"Instant",G,"eld","172",rare,null,Not Owned,Non-foil,mainboard,false,,,"Function: Value;Strict Noncreature: Enabler;Strict Power Matters: Payoff","",78484,false,false,"Chris Rallis"
"Kodama of the West Tree",3,"Legendary Creature - Spirit",G,"neo","199",mythic,null,Not Owned,Non-foil,mainboard,false,,,"Function: Value;Strict Combat Damage: Enabler;Strict Equipment: Payoff;Strict Five-Color Domain: Enabler;Strict Landfall: Enabler;Strict Ramp: Enabler","",97340,false,false,"Daarken"
"Nissa, Who Shakes the World",5,"Legendary Planeswalker - Nissa",G,"war","169",rare,null,Not Owned,Non-foil,mainboard,false,,,"Function: Value;Strict Counters: Enabler;Strict Noncreature: Enabler;Strict Ramp: Enabler","",71944,false,false,"Chris Rallis"
"Eladamri, Korvecdal",3,"Legendary Creature - Elf Warrior",G,"mh3","149",mythic,null,Not Owned,Non-foil,mainboard,false,,,"Function: Value","",126315,false,false,"Zoltan Boros"
"Trickster's Elk",3,"Enchantment Creature - Elk",G,"mh3","175",uncommon,null,Not Owned,Non-foil,mainboard,false,,,"Function: Interaction;Strict Enchantments: Enabler","",126367,false,false,"Karl Kopinski"
"Selvala, Heart of the Wilds",3,"Legendary Creature - Elf Scout",G,"cn2","70",mythic,null,Not Owned,Non-foil,mainboard,false,,,"Function: Value;Strict Blink: Payoff;Strict Draw: Enabler;Strict Power Matters: Payoff","",-1,false,false,"Tyler Jacobson"
"Satyr Wayfinder",2,"Creature - Satyr",G,"bng","136",common,null,Not Owned,Non-foil,mainboard,false,,,"Function: Value;Strict Blink: Payoff","",51643,false,false,"Steve Prescott"
"Wild Growth",1,"Enchantment - Aura",G,"lea","229",common,null,Not Owned,Non-foil,mainboard,false,,,"Strict Enchantments: Enabler;Strict Noncreature: Enabler","",-1,false,false,"Mark Poole"
"Town Greeter",2,"Creature - Human Citizen",G,"fin","209",common,null,Not Owned,Non-foil,mainboard,false,,,"Function: Value;Strict Blink: Payoff;Strict Graveyard Cast: Enabler;Strict Graveyard Types: Enabler;Strict Humans: Enabler;Strict Lifegain: Enabler;Strict Reanimator: Enabler","",141361,false,false,"Hayaken-Sarena"
"Arbor Elf",1,"Creature - Elf Druid",G,"wwk","95",common,null,Not Owned,Non-foil,mainboard,false,,,"","",35773,false,false,"rk post"
"Arwen, Weaver of Hope",3,"Legendary Creature - Elf Noble",G,"ltc","35",rare,null,Not Owned,Non-foil,mainboard,false,,,"Strict Counters: Enabler","",113102,false,false,"Axel Sauerwald"
"Birds of Paradise",1,"Creature - Bird",G,"blc","81",rare,null,Not Owned,Foil,mainboard,false,,,"Strict Five-Color Domain: Glue;Strict Ramp: Enabler","",128283,false,false,"Javier Charro"
"Innkeeper's Talent",2,"Enchantment - Class",G,"blb","180",rare,null,Not Owned,Non-foil,mainboard,false,,,"Strict Counters: Enabler;Strict Enchantments: Enabler;Strict Noncreature: Enabler","",129605,false,false,"Alix Branwyn"
"Monstrous Emergence",2,"Sorcery",G,"dsk","191",common,null,Not Owned,Non-foil,mainboard,false,,,"Function: Interaction;Strict Damage: Enabler;Strict Noncreature: Enabler;Strict Power Matters: Payoff","",130513,false,false,"Loïc Canavaggia"
"Malevolent Rumble",2,"Sorcery",G,"mh3","161",common,null,Not Owned,Non-foil,mainboard,false,,,"Function: Value;Strict Noncreature: Enabler;Strict Ramp: Enabler;Strict Tokens: Enabler","",126339,false,false,"Néstor Ossandón Leal"
"Hallowed Fountain",0,"Land - Plains Island",,"dis","174",rare,null,Not Owned,Non-foil,mainboard,false,,,"Strict Five-Color Domain: Enabler","",24001,false,false,"Rob Alexander"
"Elvish Mystic",1,"Creature - Elf Druid",G,"m14","169",common,null,Not Owned,Non-foil,mainboard,false,,,"Strict Ramp: Enabler","",49499,false,false,"Wesley Burt"
"Ninja of the Deep Hours",4,"Creature - Human Ninja",U,"bok","44",common,null,Not Owned,Non-foil,mainboard,false,,,"Function: Interaction;Function: Value;Strict Combat Damage: Enabler;Strict Draw: Enabler;Strict Humans: Enabler","",21827,false,false,"Dan Murayama Scott"
"Noble Hierarch",1,"Creature - Human Druid",G,"con","87",rare,null,Not Owned,Non-foil,mainboard,false,,,"Strict Humans: Enabler;Strict Ramp: Enabler","",31745,false,false,"Mark Zug"
"Haywire Mite",1,"Artifact Creature - Insect",,"bro","199",uncommon,null,Not Owned,Non-foil,mainboard,false,,,"Function: Interaction;Strict Artifacts: Enabler;Strict Dies: Payoff;Strict Lifegain: Enabler","",105018,false,false,"Izzy"
"Rishkar's Expertise",6,"Sorcery",G,"aer","123",rare,null,Not Owned,Non-foil,mainboard,false,,,"Function: Value;Strict Noncreature: Enabler;Strict Power Matters: Payoff","",62805,false,false,"Magali Villeneuve"
"Ouroboroid",4,"Creature - Plant Wurm",G,"eoe","201",mythic,null,Not Owned,Non-foil,mainboard,false,,,"Strict Counters: Enabler;Strict Power Matters: Payoff","",143015,false,false,"Samuel Perin"
"Bristly Bill, Spine Sower",2,"Legendary Creature - Plant Druid",G,"otj","157",mythic,null,Not Owned,Non-foil,mainboard,false,,,"Strict Counters: Enabler;Strict Counters: Payoff;Strict Landfall: Payoff","",124225,false,false,"Daniel Zrom"
"Level Up",2,"Enchantment - Aura",G,"tmc","31",rare,null,Not Owned,Non-foil,mainboard,false,,,"Function: Value;Strict Attack: Enabler;Strict Blink: Payoff;Strict Counters: Enabler;Strict Counters: Payoff;Strict Draw: Enabler;Strict Enchantments: Enabler;Strict Noncreature: Enabler","",147391,false,false,"Narendra Bintara Adi"
"Kogla, the Titan Ape",6,"Legendary Creature - Ape",G,"iko","162",rare,null,Not Owned,Non-foil,mainboard,false,,,"Function: Interaction;Strict Attack: Enabler;Strict Blink: Payoff;Strict Power 4+: Enabler;Strict Power Matters: Enabler;Strict Ramp: Glue","",80333,false,false,"Chris Rahn"
"Hunter's Talent",2,"Enchantment - Class",G,"blb","179",uncommon,null,Not Owned,Non-foil,mainboard,false,,,"Function: Interaction;Function: Value;Strict Blink: Payoff;Strict Damage: Enabler;Strict Draw: Enabler;Strict Enchantments: Enabler;Strict Noncreature: Enabler;Strict Power 4+: Payoff;Strict Power Matters: Payoff","",129603,false,false,"Kisung Koh"
"Scythecat Cub",2,"Creature - Cat",G,"j25","24",rare,null,Not Owned,Non-foil,mainboard,false,,,"Strict Counters: Enabler;Strict Counters: Payoff;Strict Landfall: Payoff","",132840,false,false,"Gabor Szikszai"
"Mossborn Hydra",3,"Creature - Elemental Hydra",G,"fdn","107",rare,null,Not Owned,Non-foil,mainboard,false,,,"Strict Counters: Enabler;Strict Counters: Payoff;Strict Landfall: Payoff","",133782,false,false,"Monztre"
"Loran of the Third Path",3,"Legendary Creature - Human Artificer",W,"bro","12",rare,null,Not Owned,Non-foil,mainboard,false,,,"Function: Interaction;Function: Value;Strict Blink: Payoff;Strict Draw: Enabler;Strict Humans: Enabler","",104642,false,false,"Steven Belledin"
"Parting Gust",2,"Instant",W,"blb","24",uncommon,null,Not Owned,Non-foil,mainboard,false,,,"Function: Interaction;Strict Blink: Enabler;Strict Counters: Enabler;Strict Noncreature: Enabler","",129293,false,false,"Nils Hamm"
"Reanimate",1,"Sorcery",B,"tmp","151",uncommon,null,Not Owned,Non-foil,mainboard,false,,,"Function: Value;Strict Noncreature: Enabler;Strict Reanimator: Payoff","",9989,false,false,"Robert Bliss"
"Exalted Sunborn",5,"Creature - Angel Wizard",W,"eoe","15",mythic,null,Not Owned,Non-foil,mainboard,false,,,"Strict Lifegain: Enabler;Strict Power 4+: Enabler;Strict Power Matters: Enabler;Strict Tokens: Payoff","",142643,false,false,"Scott M. Fischer"
"Extract Brain",2,"Sorcery",BU,"afc","46",rare,null,Not Owned,Non-foil,mainboard,false,,,"Strict Noncreature: Enabler;Strict Opponent Cards: Enabler","",-1,false,false,"Nicholas Gregory"
"Dark Ritual",1,"Instant",B,"lea","98",common,null,Not Owned,Non-foil,mainboard,false,,,"Strict Noncreature: Enabler;Strict Ramp: Enabler","",-1,false,false,"Sandra Everingham"
"The Fire Nation Drill",4,"Legendary Artifact - Vehicle",B,"tla","98",rare,null,Not Owned,Non-foil,mainboard,false,,,"Function: Interaction;Strict Artifacts: Enabler;Strict Blink: Payoff;Strict Noncreature: Enabler","",144676,false,false,"Brandon L. Hunt"
"Flare of Malice",4,"Instant",B,"mh3","95",rare,null,Not Owned,Non-foil,mainboard,false,,,"Function: Interaction;Strict Dies: Enabler;Strict Noncreature: Enabler;Strict Sacrifice: Enabler","",126207,false,false,"David Palumbo"
"Dismember",3,"Instant",B,"nph","57",uncommon,null,Not Owned,Non-foil,mainboard,false,,,"Function: Interaction;Strict Noncreature: Enabler","",39944,false,false,"Terese Nielsen"
"Scavenger Regent",4,"Creature - Dragon",B,"tdm","90",rare,null,Not Owned,Non-foil,mainboard,false,,,"Function: Interaction;Strict Power 4+: Enabler;Strict Power Matters: Enabler","",139131,false,false,"John Tedrick"
"Battle at the Big Bridge",1,"Instant",B,"fca","9",uncommon,null,Not Owned,Non-foil,mainboard,false,,,"Function: Interaction;Strict Noncreature: Enabler","",139881,false,false,"Yoshitaka Amano"
"Archon of Cruelty",8,"Creature - Archon",B,"mh2","75",mythic,null,Not Owned,Non-foil,mainboard,false,,,"Function: Interaction;Function: Value;Strict Attack: Enabler;Strict Blink: Payoff;Strict Draw: Enabler;Strict Power 4+: Enabler;Strict Power Matters: Enabler;Strict Ramp: Payoff","",90523,false,false,"Andrew Mar"
"Sunset Saboteur",2,"Creature - Human Rogue",B,"eoe","116",rare,null,Not Owned,Non-foil,mainboard,false,,,"Strict Attack: Enabler;Strict Counters: Enabler;Strict Humans: Enabler;Strict Power 4+: Enabler;Strict Power Matters: Enabler","",142845,false,false,"Mirko Failoni"
"Dark Confidant",2,"Creature - Human Wizard",B,"rav","81",rare,null,Not Owned,Non-foil,mainboard,false,,,"Function: Value;Strict Humans: Enabler","",23084,false,false,"Ron Spears"
"Legolas's Quick Reflexes",1,"Instant",G,"ltc","493",rare,null,Not Owned,Non-foil,mainboard,false,,,"Function: Interaction;Strict Damage: Enabler;Strict Noncreature: Enabler;Strict Power Matters: Payoff","",120076,false,false,"Jason Rainville"
"Virus Beetle",2,"Artifact Creature - Insect",B,"neo","128",common,null,Not Owned,Non-foil,mainboard,false,,,"Strict Artifacts: Enabler;Strict Blink: Payoff","",97184,false,false,"Dan Murayama Scott"
"Coffin Queen",3,"Creature - Zombie Wizard",B,"tmp","114",rare,null,Not Owned,Non-foil,mainboard,false,,,"Function: Value;Strict Reanimator: Payoff","",9777,false,false,"Kaja Foglio"
"Ayara's Oathsworn",2,"Creature - Human Knight",B,"mat","11",rare,null,Not Owned,Non-foil,mainboard,false,,,"Function: Value;Strict Combat Damage: Enabler;Strict Counters: Enabler;Strict Humans: Enabler","",109144,false,false,"Johann Bodin"
"Marionette Apprentice",2,"Creature - Human Artificer",B,"mh3","100",uncommon,null,Not Owned,Non-foil,mainboard,false,,,"Function: Value;Strict Artifacts: Payoff;Strict Dies: Payoff;Strict Humans: Enabler","",126217,false,false,"Steve Ellis"
"Accursed Marauder",2,"Creature - Zombie Warrior",B,"mh3","80",common,null,Not Owned,Non-foil,mainboard,false,,,"Function: Interaction;Strict Blink: Payoff","",126177,false,false,"Paolo Parente"
"Infernal Grasp",2,"Instant",B,"mid","107",uncommon,null,Not Owned,Non-foil,mainboard,false,,,"Function: Interaction;Strict Noncreature: Enabler","",93174,false,false,"Naomi Baker"
"Blood Artist",2,"Creature - Vampire",B,"avr","86",uncommon,null,Not Owned,Non-foil,mainboard,false,,,"Strict Dies: Payoff;Strict Lifegain: Enabler","",44105,false,false,"Johannes Voss"
"Zulaport Cutthroat",2,"Creature - Human Rogue Ally",B,"bfz","126",uncommon,null,Not Owned,Non-foil,mainboard,false,,,"Strict Dies: Payoff;Strict Humans: Enabler;Strict Lifegain: Enabler","",58401,false,false,"Jason Rainville"
"Leaden Myr",2,"Artifact Creature - Myr",,"mrd","191",common,null,Not Owned,Non-foil,mainboard,false,,,"Strict Artifacts: Enabler;Strict Ramp: Enabler","",19987,false,false,"Kev Walker"
"Thalia's Lieutenant",2,"Creature - Human Soldier",W,"soi","43",rare,null,Not Owned,Non-foil,mainboard,false,,,"Strict Blink: Payoff;Strict Counters: Enabler;Strict Humans: Enabler;Strict Humans: Payoff","",59788,false,false,"Johannes Voss"
"Disruptive Stormbrood",5,"Creature - Dragon",G,"tdm","178",uncommon,null,Not Owned,Non-foil,mainboard,false,,,"Function: Interaction;Strict Blink: Payoff","",139315,false,false,"Edgar Sánchez Hidalgo"
"Executioner's Capsule",1,"Artifact",B,"ala","75",common,null,Not Owned,Non-foil,mainboard,false,,,"Function: Interaction;Strict Artifacts: Enabler;Strict Noncreature: Enabler","",30967,false,false,"Warren Mahy"
"Diabolic Intent",2,"Sorcery",B,"pls","42",rare,null,Not Owned,Non-foil,mainboard,false,,,"Function: Value;Strict Dies: Enabler;Strict Graveyard Cast: Enabler;Strict Graveyard Types: Enabler;Strict Noncreature: Enabler;Strict Reanimator: Enabler;Strict Sacrifice: Enabler","",15083,false,false,"Dave Dorman"
"Virtue of Persistence",7,"Enchantment",B,"woe","115",mythic,null,Not Owned,Non-foil,mainboard,false,,,"Function: Interaction;Function: Value;Strict Enchantments: Enabler;Strict Lifegain: Enabler;Strict Noncreature: Enabler;Strict Reanimator: Payoff","",116546,false,false,"Piotr Dura"
"Tithing Blade",2,"Artifact",B,"lci","128",common,null,Not Owned,Non-foil,mainboard,false,,,"Function: Interaction;Strict Artifacts: Enabler;Strict Blink: Payoff;Strict Lifegain: Enabler;Strict Noncreature: Enabler","",118064,false,false,"Michael Walsh"
"Persist",2,"Sorcery",B,"mh2","96",rare,null,Not Owned,Non-foil,mainboard,false,,,"Function: Value;Strict Noncreature: Enabler;Strict Reanimator: Payoff","",90565,false,false,"Milivoj Ćeran"
"Arcane Omens",5,"Sorcery",B,"sos","73",uncommon,null,Not Owned,Non-foil,mainboard,false,,,"Strict Five-Color Domain: Payoff;Strict Noncreature: Enabler","",149645,false,false,"Antonio José Manzanedo"
"Deadly Dispute",2,"Instant",B,"afr","94",common,null,Not Owned,Non-foil,mainboard,false,,,"Function: Value;Strict Artifacts: Enabler;Strict Dies: Enabler;Strict Draw: Enabler;Strict Noncreature: Enabler;Strict Sacrifice: Enabler;Strict Tokens: Enabler","",91690,false,false,"Irina Nordsol"
"Bitterblossom",2,"Kindred Enchantment - Faerie",B,"mor","58",rare,null,Not Owned,Non-foil,mainboard,false,,,"Function: Value;Strict Enchantments: Enabler;Strict Noncreature: Enabler;Strict Tokens: Enabler","",29038,false,false,"Rebecca Guay"
"Necromancy",3,"Enchantment",B,"vis","64",uncommon,null,Not Owned,Non-foil,mainboard,false,,,"Function: Value;Strict Blink: Payoff;Strict Enchantments: Enabler;Strict Noncreature: Enabler;Strict Reanimator: Payoff","",7649,false,false,"Pete Venters"
"Memory Lapse",2,"Instant",U,"hml","32a",common,null,Not Owned,Non-foil,mainboard,false,,,"Function: Interaction;Strict Noncreature: Enabler","",-1,false,false,"Mark Tedin"
"Altar of the Wretched",3,"Artifact",B,"lcc","10",rare,null,Not Owned,Non-foil,mainboard,false,,,"Function: Value;Strict Artifacts: Enabler;Strict Blink: Payoff;Strict Dies: Enabler;Strict Draw: Enabler;Strict Graveyard Cast: Enabler;Strict Graveyard Types: Enabler;Strict Noncreature: Enabler;Strict Power Matters: Payoff;Strict Reanimator: Enabler;Strict Sacrifice: Enabler","",119226,false,false,"Helge C. Balzer"
"Exsanguinator Cavalry",3,"Creature - Vampire Knight",B,"moc","26",rare,null,Not Owned,Non-foil,mainboard,false,,,"Function: Value;Strict Artifacts: Enabler;Strict Combat Damage: Enabler;Strict Counters: Enabler;Strict Lifegain: Enabler;Strict Tokens: Enabler","",111404,false,false,"Quintin Gleim"
"Phyrexian Arena",3,"Enchantment",B,"apc","47",rare,null,Not Owned,Non-foil,mainboard,false,,,"Function: Value;Strict Draw: Enabler;Strict Enchantments: Enabler;Strict Noncreature: Enabler","",16324,false,false,"Pete Venters"
"K'rrik, Son of Yawgmoth",7,"Legendary Creature - Phyrexian Horror Minion",B,"c19","18",rare,null,Not Owned,Non-foil,mainboard,false,,,"Strict Counters: Enabler;Strict Lifegain: Enabler","",77090,false,false,"Chase Stone"
"Hypnotic Specter",3,"Creature - Specter",B,"lea","112",uncommon,null,Not Owned,Non-foil,mainboard,false,,,"","",-1,false,false,"Douglas Shuler"
"The Meathook Massacre",2,"Legendary Enchantment",B,"mid","112",mythic,null,Not Owned,Non-foil,mainboard,false,,,"Function: Interaction;Strict Blink: Payoff;Strict Dies: Payoff;Strict Enchantments: Enabler;Strict Lifegain: Enabler;Strict Noncreature: Enabler","",93186,false,false,"Chris Seaman"
"Exhume",2,"Sorcery",B,"usg","134",common,null,Not Owned,Non-foil,mainboard,false,,,"Function: Value;Strict Noncreature: Enabler","",11897,false,false,"Carl Critchlow"
"Undead Butler",2,"Creature - Zombie",B,"vow","133",uncommon,null,Not Owned,Non-foil,mainboard,false,,,"Function: Value;Strict Blink: Payoff;Strict Dies: Payoff;Strict Graveyard Cast: Enabler;Strict Graveyard Types: Enabler;Strict Reanimator: Enabler","",94598,false,false,"Néstor Ossandón Leal"
"Sinkhole Surveyor",2,"Creature - Bird Scout",B,"tdm","93",rare,null,Not Owned,Non-foil,mainboard,false,,,"Strict Attack: Enabler","",139139,false,false,"Warren Mahy"
"Murderous Rider",3,"Creature - Zombie Knight",B,"eld","97",rare,null,Not Owned,Non-foil,mainboard,false,,,"Function: Interaction;Function: Value;Strict Dies: Payoff;Strict Lifegain: Enabler","",78308,false,false,"Josh Hass"
"Fain, the Broker",3,"Legendary Creature - Human Warlock",B,"c21","40",rare,null,Not Owned,Non-foil,mainboard,false,,,"Function: Value;Strict Artifacts: Enabler;Strict Artifacts: Payoff;Strict Counters: Enabler;Strict Dies: Enabler;Strict Graveyard Cast: Enabler;Strict Graveyard Types: Enabler;Strict Humans: Enabler;Strict Reanimator: Enabler;Strict Sacrifice: Enabler;Strict Tokens: Enabler","",89823,false,false,"Lius Lasahido"
"Midnight Reaper",3,"Creature - Zombie Knight",B,"grn","77",rare,null,Not Owned,Non-foil,mainboard,false,,,"Function: Value;Strict Dies: Payoff;Strict Draw: Enabler","",69527,false,false,"Sidharth Chaturvedi"
"Tinybones, Bauble Burglar",2,"Legendary Creature - Skeleton Rogue",B,"fdn","72",rare,null,Not Owned,Non-foil,mainboard,false,,,"Function: Value;Strict Opponent Cards: Enabler","",133712,false,false,"Leonardo Santanna"
"Victimize",3,"Sorcery",B,"usg","166",uncommon,null,Not Owned,Non-foil,mainboard,false,,,"Function: Value;Strict Graveyard Cast: Enabler;Strict Graveyard Types: Enabler;Strict Noncreature: Enabler;Strict Reanimator: Enabler","",12173,false,false,"Val Mayerik"
"Doomed Necromancer",3,"Creature - Human Cleric Mercenary",B,"ons","140",rare,null,Not Owned,Non-foil,mainboard,false,,,"Function: Value;Strict Humans: Enabler;Strict Reanimator: Payoff","",18331,false,false,"Mark Brill"
"Rankle, Master of Pranks",4,"Legendary Creature - Faerie Rogue",B,"eld","101",mythic,null,Not Owned,Non-foil,mainboard,false,,,"Function: Interaction;Function: Value;Strict Combat Damage: Enabler;Strict Draw: Enabler","",78320,false,false,"Dmitry Burmak"
"Hostile Investigator",4,"Creature - Ogre Rogue Detective",B,"big","10",mythic,null,Not Owned,Non-foil,mainboard,false,,,"Function: Interaction;Function: Value;Strict Blink: Payoff;Strict Power 4+: Enabler;Strict Power Matters: Enabler","",125381,false,false,"Andrew Mar"
"Rev, Tithe Extractor",4,"Legendary Creature - Human Rogue",B,"j25","45",rare,null,Not Owned,Non-foil,mainboard,false,,,"Function: Value;Strict Artifacts: Enabler;Strict Humans: Enabler;Strict Opponent Cards: Enabler;Strict Tokens: Enabler","",132770,false,false,"M.Matsumoto"
"Grave Titan",6,"Creature - Giant",B,"m11","97",mythic,null,Not Owned,Non-foil,mainboard,false,,,"Function: Value;Strict Attack: Enabler;Strict Blink: Payoff;Strict Power 4+: Enabler;Strict Power Matters: Enabler;Strict Ramp: Glue;Strict Tokens: Enabler","",37374,false,false,"Nils Hamm"
"Ripples of Undeath",2,"Enchantment",B,"mh3","107",rare,null,Not Owned,Non-foil,mainboard,false,,,"Function: Value;Strict Enchantments: Enabler;Strict Graveyard Cast: Enabler;Strict Graveyard Types: Enabler;Strict Noncreature: Enabler;Strict Reanimator: Enabler","",126231,false,false,"Ben Wootten"
"Ravenous Chupacabra",4,"Creature - Beast Horror",B,"rix","82",uncommon,null,Not Owned,Non-foil,mainboard,false,,,"Function: Interaction;Strict Blink: Payoff","",66617,false,false,"Daarken"
"Yawgmoth, Thran Physician",4,"Legendary Creature - Human Cleric",B,"mh1","116",mythic,null,Not Owned,Non-foil,mainboard,false,,,"Function: Interaction;Function: Value;Strict Counters: Glue;Strict Dies: Enabler;Strict Discard: Enabler;Strict Draw: Enabler;Strict Graveyard Cast: Enabler;Strict Graveyard Types: Enabler;Strict Humans: Enabler;Strict Reanimator: Enabler;Strict Sacrifice: Enabler","",72604,false,false,"Mark Winters"
"Black Sun's Twilight",1,"Instant",B,"one","84",rare,null,Not Owned,Non-foil,mainboard,false,,,"Function: Interaction;Function: Value;Strict Noncreature: Enabler;Strict Reanimator: Payoff","",106383,false,false,"Jonas De Ro"
"Lethal Scheme",4,"Instant",B,"ncc","36",rare,null,Not Owned,Non-foil,mainboard,false,,,"Function: Interaction;Function: Value;Strict Counters: Enabler;Strict Discard: Enabler;Strict Draw: Enabler;Strict Graveyard Cast: Enabler;Strict Graveyard Types: Enabler;Strict Noncreature: Enabler;Strict Reanimator: Enabler","",-1,false,false,"Tuan Duong Chu"
"Syr Konrad, the Grim",5,"Legendary Creature - Human Knight",B,"eld","107",uncommon,null,Not Owned,Non-foil,mainboard,false,,,"Strict Damage: Enabler;Strict Dies: Payoff;Strict Humans: Enabler;Strict Power 4+: Enabler;Strict Power Matters: Enabler","",78336,false,false,"Anna Steinbauer"
"Nethergoyf",1,"Creature - Lhurgoyf",B,"mh3","103",mythic,null,Not Owned,Non-foil,mainboard,false,,,"Function: Value;Strict Graveyard Cast: Payoff;Strict Graveyard Types: Payoff;Strict Power Matters: Enabler","",126223,false,false,"Xavier Ribeiro"
"Obsessive Pursuit",2,"Enchantment",B,"tla","112",rare,null,Not Owned,Non-foil,mainboard,false,,,"Function: Value;Strict Artifacts: Enabler;Strict Blink: Payoff;Strict Counters: Enabler;Strict Enchantments: Enabler;Strict Noncreature: Enabler;Strict Tokens: Enabler","",144704,false,false,"Ichiko Milk Tei"
"Shriekmaw",5,"Creature - Elemental",B,"lrw","139",uncommon,null,Not Owned,Non-foil,mainboard,false,,,"Function: Interaction;Strict Blink: Payoff","",28647,false,false,"Steve Prescott"
"Noxious Gearhulk",6,"Artifact Creature - Construct",B,"kld","96",mythic,null,Not Owned,Non-foil,mainboard,false,,,"Function: Interaction;Strict Artifacts: Enabler;Strict Blink: Payoff;Strict Lifegain: Enabler;Strict Power 4+: Enabler;Strict Power Matters: Enabler;Strict Ramp: Glue","",61959,false,false,"Lius Lasahido"
"Marionette Master",6,"Creature - Human Artificer",B,"kld","90",rare,null,Not Owned,Non-foil,mainboard,false,,,"Function: Value;Strict Artifacts: Payoff;Strict Dies: Payoff;Strict Humans: Enabler;Strict Ramp: Glue","",61941,false,false,"James Ryman"
"Drana, Liberator of Malakir",3,"Legendary Creature - Vampire Ally",B,"bfz","109",mythic,null,Not Owned,Non-foil,mainboard,false,,,"Strict Combat Damage: Enabler;Strict Counters: Enabler","",58405,false,false,"Mike Bierek"
"Gwenom, Remorseless",5,"Legendary Creature - Symbiote Spider Hero",B,"spm","56",mythic,null,Not Owned,Non-foil,mainboard,false,,,"Function: Value;Strict Attack: Enabler;Strict Lifegain: Enabler;Strict Power 4+: Enabler;Strict Power Matters: Enabler","",153351,false,false,"Lordigan"
"Suspended Sentence",4,"Instant",B,"dsc","25",rare,null,Not Owned,Non-foil,mainboard,false,,,"Function: Interaction;Strict Noncreature: Enabler","",131371,false,false,"L.A. Draws"
"Sheoldred, the Apocalypse",4,"Legendary Creature - Phyrexian Praetor",B,"dmu","107",mythic,null,Not Owned,Non-foil,mainboard,false,,,"Function: Value;Strict Draw: Enabler;Strict Lifegain: Enabler;Strict Power 4+: Enabler;Strict Power Matters: Enabler","",102690,false,false,"Chris Rahn"
"Agent of the Iron Throne",3,"Legendary Enchantment - Background",B,"clb","107",uncommon,null,Not Owned,Non-foil,mainboard,false,,,"Strict Artifacts: Payoff;Strict Dies: Payoff;Strict Enchantments: Enabler;Strict Noncreature: Enabler","",100224,false,false,"Josh Hass"
"Wildgrowth Archaic",4,"Creature - Avatar",G,"sos","168",rare,null,Not Owned,Non-foil,mainboard,false,,,"Strict Counters: Enabler;Strict Five-Color Domain: Payoff","",149835,false,false,"Loïc Canavaggia"
"Stitcher's Supplier",1,"Creature - Zombie",B,"m19","121",uncommon,null,Not Owned,Non-foil,mainboard,false,,,"Strict Blink: Payoff;Strict Dies: Payoff;Strict Graveyard Cast: Enabler;Strict Graveyard Types: Enabler;Strict Reanimator: Enabler","",68403,false,false,"Chris Seaman"
"Umbral Collar Zealot",2,"Creature - Human Cleric",B,"eoe","123",uncommon,null,Not Owned,Non-foil,mainboard,false,,,"Strict Dies: Enabler;Strict Graveyard Cast: Enabler;Strict Graveyard Types: Enabler;Strict Humans: Enabler;Strict Reanimator: Enabler;Strict Sacrifice: Enabler","",142859,false,false,"Dmitry Burmak"
"Breach the Multiverse",7,"Sorcery",B,"mom","94",rare,null,Not Owned,Non-foil,mainboard,false,,,"Function: Value;Strict Noncreature: Enabler;Strict Ramp: Glue;Strict Reanimator: Payoff","",110024,false,false,"Liiga Smilshkalne"
"Heroes in a Half Shell",5,"Legendary Creature - Mutant Ninja Turtle",BGRUW,"tmc","6",mythic,null,Not Owned,Non-foil,mainboard,false,,,"Function: Value;Strict Counters: Enabler;Strict Draw: Enabler;Strict Five-Color Domain: Payoff;Strict Power 4+: Enabler;Strict Power Matters: Enabler","",147341,false,false,"Victor Maury"
"Sage of the Skies",3,"Creature - Human Monk",W,"tdm","22",rare,null,Not Owned,Non-foil,mainboard,false,,,"Strict Humans: Enabler;Strict Lifegain: Enabler","",138989,false,false,"Justyna Dura"
"Twitching Doll",2,"Artifact Creature - Spider Toy",G,"dsk","201",rare,null,Not Owned,Non-foil,mainboard,false,,,"Function: Value;Strict Artifacts: Enabler;Strict Five-Color Domain: Glue;Strict Ramp: Enabler;Strict Tokens: Enabler","",130533,false,false,"Warren Mahy"
"Birthing Ritual",2,"Enchantment",G,"mh3","146",mythic,null,Not Owned,Non-foil,mainboard,false,,,"Function: Value;Strict Dies: Enabler;Strict Enchantments: Enabler;Strict Graveyard Cast: Enabler;Strict Graveyard Types: Enabler;Strict Noncreature: Enabler;Strict Reanimator: Enabler;Strict Sacrifice: Enabler","",126309,false,false,"Drew Tucker"
"It's Clobberin' Time!",3,"Sorcery",G,"msc","66",rare,null,Not Owned,Non-foil,mainboard,false,,,"Function: Interaction;Strict Damage: Enabler;Strict Noncreature: Enabler;Strict Power Matters: Payoff","",150571,false,false,"Thomas Chamberlain-Keen"
"Pawpatch Recruit",1,"Creature - Rabbit Warrior",G,"blb","187",rare,null,Not Owned,Non-foil,mainboard,false,,,"Function: Value;Strict Counters: Enabler","",129619,false,false,"Johan Grenier"
"Giver of Runes",1,"Creature - Kor Cleric",W,"mh1","13",rare,null,Not Owned,Non-foil,mainboard,false,,,"","",72398,false,false,"Seb McKinnon"
"Pyrite Spellbomb",1,"Artifact",,"mrd","232",common,null,Not Owned,Non-foil,mainboard,false,,,"Function: Interaction;Function: Value;Strict Artifacts: Enabler;Strict Damage: Enabler;Strict Draw: Enabler;Strict Noncreature: Enabler","",19869,false,false,"Jim Nelson"
"Monastery Swiftspear",1,"Creature - Human Monk",R,"ktk","118",uncommon,null,Not Owned,Non-foil,mainboard,false,,,"Strict Humans: Enabler;Strict Noncreature: Payoff","",54108,false,false,"Steve Argyle"
"Troll of Khazad-dûm",6,"Creature - Troll",B,"ltr","111",common,null,Not Owned,Non-foil,mainboard,false,,,"Function: Value;Strict Discard: Enabler;Strict Graveyard Cast: Enabler;Strict Graveyard Types: Enabler;Strict Power 4+: Enabler;Strict Power Matters: Enabler;Strict Reanimator: Enabler","",112132,false,false,"Simon Dominic"
"Ragavan, Nimble Pilferer",1,"Legendary Creature - Monkey Pirate",R,"mh2","138",mythic,null,Not Owned,Non-foil,mainboard,false,,,"Function: Interaction;Function: Value;Strict Artifacts: Enabler;Strict Combat Damage: Enabler;Strict Opponent Cards: Enabler;Strict Tokens: Enabler","",90653,false,false,"Simon Dominic"
"Sneak Attack",4,"Enchantment",R,"usg","218",rare,null,Not Owned,Non-foil,mainboard,false,,,"Strict Enchantments: Enabler;Strict Noncreature: Enabler","",12399,false,false,"Jerry Tiritilli"
"Faithless Looting",1,"Sorcery",R,"dka","87",common,null,Not Owned,Non-foil,mainboard,false,,,"Function: Value;Strict Discard: Enabler;Strict Draw: Enabler;Strict Graveyard Cast: Enabler;Strict Graveyard Cast: Payoff;Strict Graveyard Types: Enabler;Strict Noncreature: Enabler;Strict Reanimator: Enabler","",43267,false,false,"Gabor Szikszai"
"Galvanic Discharge",1,"Instant",R,"mh3","122",common,null,Not Owned,Non-foil,mainboard,false,,,"Function: Interaction;Strict Damage: Enabler;Strict Noncreature: Enabler","",126261,false,false,"Zoltan Boros"
"Lightning Bolt",1,"Instant",R,"lea","161",common,null,Not Owned,Non-foil,mainboard,false,,,"Function: Interaction;Strict Damage: Enabler;Strict Noncreature: Enabler","",-1,false,false,"Christopher Rush"
"Burst Lightning",1,"Instant",R,"zen","119",common,null,Not Owned,Non-foil,mainboard,false,,,"Function: Interaction;Strict Damage: Enabler;Strict Noncreature: Enabler","",34408,false,false,"Vance Kovacs"
"Fire Magic",1,"Instant",R,"fin","136",uncommon,null,Not Owned,Non-foil,mainboard,false,,,"Function: Interaction;Strict Damage: Enabler;Strict Noncreature: Enabler","",141209,false,false,"Toni Infante"
"Pyrokinesis",6,"Instant",R,"all","78",uncommon,null,Not Owned,Non-foil,mainboard,false,,,"Function: Interaction;Strict Damage: Enabler;Strict Noncreature: Enabler","",-1,false,false,"Ron Spencer"
"Star Athlete",3,"Creature - Human Warrior",R,"dsc","29",rare,null,Not Owned,Non-foil,mainboard,false,,,"Function: Interaction;Strict Attack: Enabler;Strict Damage: Enabler;Strict Humans: Enabler","",131379,false,false,"Andrey Kuzinskiy"
"Firebrand Archer",2,"Creature - Human Archer",R,"hou","92",common,null,Not Owned,Non-foil,mainboard,false,,,"Strict Damage: Enabler;Strict Humans: Enabler;Strict Noncreature: Payoff","",64668,false,false,"John Stanko"
"Kessig Flamebreather",2,"Creature - Human Shaman",R,"vow","164",common,null,Not Owned,Non-foil,mainboard,false,,,"Strict Damage: Enabler;Strict Humans: Enabler;Strict Noncreature: Payoff","",94670,false,false,"Lius Lasahido"
"Dockside Extortionist",2,"Creature - Goblin Pirate",R,"c19","24",rare,null,Not Owned,Non-foil,mainboard,false,,,"Function: Value;Strict Artifacts: Enabler;Strict Blink: Payoff;Strict Tokens: Enabler","",77102,false,false,"Forrest Imel"
"Spider Manifestation",2,"Creature - Spider Avatar",GR,"spm","148",common,null,Not Owned,Non-foil,mainboard,false,,,"Strict Ramp: Enabler","",153539,false,false,"Helge C. Balzer"
"Coruscation Mage",2,"Creature - Otter Wizard",R,"blb","131",uncommon,null,Not Owned,Non-foil,mainboard,false,,,"Function: Value;Strict Damage: Enabler;Strict Noncreature: Payoff","",129507,false,false,"Gaboleps"
"Mjölnir, Hammer of Thor",4,"Legendary Artifact - Equipment",R,"msh","146",mythic,null,Not Owned,Non-foil,mainboard,false,,,"Function: Interaction;Strict Artifacts: Enabler;Strict Blink: Payoff;Strict Damage: Enabler;Strict Damage: Glue;Strict Equipment: Enabler;Strict Noncreature: Enabler","",152479,false,false,"Wayne Reynolds"
"Dismissive Pyromancer",2,"Creature - Human Wizard",R,"m19","136",rare,null,Not Owned,Non-foil,mainboard,false,,,"Function: Interaction;Function: Value;Strict Damage: Enabler;Strict Discard: Enabler;Strict Draw: Enabler;Strict Graveyard Cast: Enabler;Strict Graveyard Types: Enabler;Strict Humans: Enabler;Strict Reanimator: Enabler","",68433,false,false,"Bram Sels"
"Weftstalker Ardent",3,"Creature - Drix Artificer",R,"eoe","169",uncommon,null,Not Owned,Non-foil,mainboard,false,,,"Strict Artifacts: Payoff;Strict Blink: Payoff;Strict Damage: Enabler","",142951,false,false,"Valera Lutfullina"
"Abomination, World Ravager",8,"Legendary Creature - Gamma Berserker Villain",R,"msc","47",rare,null,Not Owned,Non-foil,mainboard,false,,,"Strict Discard: Payoff;Strict Graveyard Cast: Payoff;Strict Power 4+: Enabler;Strict Power Matters: Enabler","",150533,false,false,"Pavel Kolomeyets"
"Slickshot Show-Off",2,"Creature - Bird Wizard",R,"otj","146",rare,null,Not Owned,Non-foil,mainboard,false,,,"Strict Noncreature: Payoff","",124203,false,false,"Augusto Quirino"
"Rhino's Rampage",1,"Sorcery",GR,"spm","141",uncommon,null,Not Owned,Non-foil,mainboard,false,,,"Function: Interaction;Strict Noncreature: Enabler","",153525,false,false,"Nino Is"
"Choco-Comet",2,"Sorcery",R,"fin","132",uncommon,null,Not Owned,Non-foil,mainboard,false,,,"Function: Interaction;Function: Value;Strict Damage: Enabler;Strict Landfall: Payoff;Strict Noncreature: Enabler;Strict Tokens: Enabler","",141199,false,false,"Fiona Hsieh"
"Charming Scoundrel",2,"Creature - Human Rogue",R,"woe","124",rare,null,Not Owned,Non-foil,mainboard,false,,,"Function: Value;Strict Artifacts: Enabler;Strict Blink: Payoff;Strict Draw: Enabler;Strict Enchantments: Enabler;Strict Humans: Enabler;Strict Tokens: Enabler","",116568,false,false,"Caroline Gariba"
"Hobgoblin, Mantled Marauder",2,"Legendary Creature - Goblin Human Villain",R,"spm","80",uncommon,null,Not Owned,Non-foil,mainboard,false,,,"Strict Discard: Enabler;Strict Discard: Payoff;Strict Graveyard Cast: Enabler;Strict Graveyard Types: Enabler;Strict Humans: Enabler;Strict Reanimator: Enabler","",153401,false,false,"Dave DeVries"
"Tibalt's Trickery",2,"Instant",R,"khm","153",rare,null,Not Owned,Non-foil,mainboard,false,,,"Function: Interaction;Function: Value;Strict Noncreature: Enabler","",87641,false,false,"Anna Podedworna"
"Abrade",2,"Instant",R,"hou","83",uncommon,null,Not Owned,Non-foil,mainboard,false,,,"Function: Interaction;Strict Damage: Enabler;Strict Noncreature: Enabler","",64650,false,false,"Jonas De Ro"
"Melded Moxite",2,"Artifact",R,"eoe","143",common,null,Not Owned,Non-foil,mainboard,false,,,"Function: Value;Strict Artifacts: Enabler;Strict Blink: Payoff;Strict Discard: Enabler;Strict Draw: Enabler;Strict Graveyard Cast: Enabler;Strict Graveyard Types: Enabler;Strict Noncreature: Enabler;Strict Reanimator: Enabler;Strict Tokens: Enabler","",142899,false,false,"Alexandr Leskinen"
"Lizard Blades",2,"Artifact Creature - Equipment Lizard",R,"neo","153",rare,null,Not Owned,Non-foil,mainboard,false,,,"Strict Artifacts: Enabler;Strict Equipment: Enabler","",97238,false,false,"Jason Kang"
"Chainsaw",2,"Artifact - Equipment",R,"dsk","128",rare,null,Not Owned,Non-foil,mainboard,false,,,"Function: Interaction;Strict Artifacts: Enabler;Strict Blink: Payoff;Strict Damage: Enabler;Strict Dies: Payoff;Strict Equipment: Enabler;Strict Noncreature: Enabler","",130387,false,false,"J.P. Targete"
"Weapons Manufacturing",2,"Enchantment",R,"eoe","168",rare,null,Not Owned,Non-foil,mainboard,false,,,"Function: Interaction;Function: Value;Strict Artifacts: Enabler;Strict Artifacts: Payoff;Strict Blink: Payoff;Strict Damage: Enabler;Strict Enchantments: Enabler;Strict Noncreature: Enabler;Strict Sacrifice: Payoff;Strict Tokens: Enabler","",142949,false,false,"Marco Gorlei"
"Fanged Flames",2,"Sorcery",,"mh3","118",common,null,Not Owned,Non-foil,mainboard,false,,,"Function: Interaction;Strict Damage: Enabler;Strict Noncreature: Enabler","",126253,false,false,"Campbell White"
"Cori-Steel Cutter",2,"Artifact - Equipment",R,"tdm","103",rare,null,Not Owned,Non-foil,mainboard,false,,,"Function: Value;Strict Artifacts: Enabler;Strict Equipment: Enabler;Strict Noncreature: Enabler;Strict Noncreature: Payoff;Strict Tokens: Enabler","",139159,false,false,"Xabi Gaztelua"
"Powerbalance",2,"Enchantment",R,"mh3","131",rare,null,Not Owned,Non-foil,mainboard,false,,,"Strict Enchantments: Enabler;Strict Noncreature: Enabler","",126279,false,false,"Steve Ellis"
"Headliner Scarlett",4,"Legendary Creature - Human Warlock",R,"clu","4",rare,null,Not Owned,Non-foil,mainboard,false,,,"Function: Value;Strict Blink: Payoff;Strict Humans: Enabler","",123418,false,false,"Heonhwa"
"Knuckles the Echidna",4,"Legendary Creature - Echidna Warrior",R,"sld","2082",mythic,null,Not Owned,Non-foil,mainboard,false,,,"Function: Value;Strict Artifacts: Enabler;Strict Tokens: Enabler","",-1,false,false,"Tyler Walpole"
"Molten Gatekeeper",3,"Artifact Creature - Golem",R,"mh3","128",common,null,Not Owned,Non-foil,mainboard,false,,,"Function: Value;Strict Artifacts: Enabler;Strict Blink: Payoff;Strict Damage: Enabler","",126273,false,false,"Joe Slucher"
"Laelia, the Blade Reforged",3,"Legendary Creature - Spirit Warrior",R,"c21","53",rare,null,Not Owned,Non-foil,mainboard,false,,,"Function: Value;Strict Attack: Enabler;Strict Counters: Enabler","",89849,false,false,"Wisnu Tan"
"Bonecrusher Giant",3,"Creature - Giant",R,"eld","115",rare,null,Not Owned,Non-foil,mainboard,false,,,"Function: Interaction;Strict Damage: Enabler;Strict Power 4+: Enabler;Strict Power Matters: Enabler","",78352,false,false,"Victor Adame Minguez"
"Fable of the Mirror-Breaker",3,"Enchantment - Saga",R,"neo","141",rare,null,Not Owned,Non-foil,mainboard,false,,,"Function: Value;Strict Artifacts: Enabler;Strict Attack: Enabler;Strict Blink: Payoff;Strict Draw: Enabler;Strict Enchantments: Enabler;Strict Noncreature: Enabler;Strict Tokens: Enabler","",97210,false,false,"Joseph Meehan"
"Carnage Interpreter",3,"Creature - Devil Detective",BR,"clu","26",rare,null,Not Owned,Non-foil,mainboard,false,,,"Function: Value;Strict Blink: Payoff;Strict Discard: Enabler;Strict Graveyard Cast: Enabler;Strict Graveyard Types: Enabler;Strict Reanimator: Enabler","",123360,false,false,"Justine Cruz"
"SpongeBob SquarePants",5,"Legendary Creature - Human Wizard",BGRUW,"sld","1932",mythic,null,Not Owned,Non-foil,mainboard,false,,,"Function: Value;Strict Five-Color Domain: Payoff;Strict Humans: Enabler;Strict Power 4+: Enabler;Strict Power Matters: Enabler","",-1,false,false,"Caleb Meurer"
"Generous Plunderer",2,"Creature - Human Rogue",R,"big","11",mythic,null,Not Owned,Non-foil,mainboard,false,,,"Function: Value;Strict Artifacts: Enabler;Strict Attack: Enabler;Strict Humans: Enabler;Strict Tokens: Enabler","",125383,false,false,"Alexander Mokhov"
"Weapons Manufacturing",2,"Enchantment",R,"eoe","168",rare,null,Not Owned,Non-foil,mainboard,false,,,"Function: Interaction;Function: Value;Strict Artifacts: Enabler;Strict Artifacts: Payoff;Strict Blink: Payoff;Strict Damage: Enabler;Strict Enchantments: Enabler;Strict Noncreature: Enabler;Strict Sacrifice: Payoff;Strict Tokens: Enabler","",142949,false,false,"Marco Gorlei"
"Lightning Strike",2,"Instant",R,"ths","127",common,null,Not Owned,Non-foil,mainboard,false,,,"Function: Interaction;Strict Damage: Enabler;Strict Noncreature: Enabler","",50572,false,false,"Adam Paquette"
"Two-Handed Axe",3,"Artifact - Equipment",R,"clb","203",uncommon,null,Not Owned,Non-foil,mainboard,false,,,"Strict Artifacts: Enabler;Strict Attack: Enabler;Strict Combat Damage: Glue;Strict Equipment: Enabler;Strict Noncreature: Enabler;Strict Power Matters: Payoff","",-1,false,false,"Milivoj Ćeran"
"Blazing Firesinger",3,"Creature - Dwarf Bard",R,"sos","109",uncommon,null,Not Owned,Non-foil,mainboard,false,,,"Strict Blink: Payoff;Strict Ramp: Enabler","",149717,false,false,"Ashly Lovett"
"Emberwilde Captain",4,"Creature - Djinn Pirate",R,"cmr","175",rare,null,Not Owned,Non-foil,mainboard,false,,,"Function: Value;Strict Blink: Payoff;Strict Power 4+: Enabler;Strict Power Matters: Enabler","",85132,false,false,"Tyler Walpole"
"Fanatic of Mogis",4,"Creature - Minotaur Shaman",R,"ths","121",uncommon,null,Not Owned,Non-foil,mainboard,false,,,"Strict Blink: Payoff;Strict Power 4+: Enabler;Strict Power Matters: Enabler","",50464,false,false,"Matt Stewart"
"Inferno Titan",6,"Creature - Giant",R,"m11","146",mythic,null,Not Owned,Non-foil,mainboard,false,,,"Function: Interaction;Strict Attack: Enabler;Strict Blink: Payoff;Strict Damage: Enabler;Strict Power 4+: Enabler;Strict Power Matters: Enabler;Strict Ramp: Glue","",37428,false,false,"Kev Walker"
"Feldon of the Third Path",3,"Legendary Creature - Human Artificer",R,"c14","35",mythic,null,Not Owned,Non-foil,mainboard,false,,,"Function: Value;Strict Humans: Enabler;Strict Tokens: Enabler","",55107,false,false,"Chase Stone"
"Twinflame Tyrant",5,"Creature - Dragon",R,"fdn","97",mythic,null,Not Owned,Non-foil,mainboard,false,,,"Strict Damage: Glue","",133762,false,false,"Xabi Gaztelua"
"Terror of the Peaks",5,"Creature - Dragon",R,"m21","164",mythic,null,Not Owned,Non-foil,mainboard,false,,,"Function: Interaction;Strict Blink: Payoff;Strict Damage: Enabler;Strict Power 4+: Enabler;Strict Power Matters: Enabler;Strict Power Matters: Payoff","",81555,false,false,"Andrey Kuzinskiy"
"Unholy Heat",1,"Instant",R,"mh2","145",common,null,Not Owned,Non-foil,mainboard,false,,,"Function: Interaction;Strict Damage: Enabler;Strict Graveyard Types: Payoff;Strict Noncreature: Enabler","",90667,false,false,"Kari Christensen"
"Pyrogoyf",4,"Creature - Lhurgoyf",R,"m3c","111",rare,null,Not Owned,Non-foil,mainboard,false,,,"Function: Interaction;Strict Blink: Payoff;Strict Damage: Enabler;Strict Graveyard Types: Payoff;Strict Power Matters: Enabler;Strict Power Matters: Payoff","",127421,false,false,"Xabi Gaztelua"
"Fury",5,"Creature - Elemental Incarnation",R,"mh2","126",mythic,null,Not Owned,Non-foil,mainboard,false,,,"Function: Interaction;Strict Blink: Payoff;Strict Damage: Enabler","",90629,false,false,"Raoul Vitale"
"Combustible Gearhulk",6,"Artifact Creature - Construct",R,"kld","112",mythic,null,Not Owned,Non-foil,mainboard,false,,,"Function: Value;Strict Artifacts: Enabler;Strict Blink: Payoff;Strict Draw: Enabler;Strict Graveyard Cast: Enabler;Strict Graveyard Types: Enabler;Strict Power 4+: Enabler;Strict Power Matters: Enabler;Strict Ramp: Glue;Strict Reanimator: Enabler","",61989,false,false,"Daarken"
"Ancient Copper Dragon",6,"Creature - Elder Dragon",R,"clb","161",mythic,null,Not Owned,Non-foil,mainboard,false,,,"Function: Value;Strict Artifacts: Enabler;Strict Combat Damage: Enabler;Strict Power 4+: Enabler;Strict Power Matters: Enabler;Strict Ramp: Glue;Strict Tokens: Enabler","",100344,false,false,"Antonio José Manzanedo"
"Dragon's Rage Channeler",1,"Creature - Human Shaman",R,"mh2","121",uncommon,null,Not Owned,Non-foil,mainboard,false,,,"Strict Graveyard Types: Payoff;Strict Humans: Enabler;Strict Noncreature: Payoff","",90615,false,false,"Martina Fačková"
"Professional Face-Breaker",3,"Creature - Human Warrior",R,"snc","116",rare,null,Not Owned,Non-foil,mainboard,false,,,"Function: Value;Strict Artifacts: Enabler;Strict Dies: Enabler;Strict Humans: Enabler;Strict Sacrifice: Enabler;Strict Tokens: Enabler","",98451,false,false,"Dan Murayama Scott"
"Trigger Happy",2,"Instant",R,"unf","125",uncommon,null,Not Owned,Non-foil,mainboard,false,,,"Strict Noncreature: Enabler","",-1,false,false,"Jamroz Gary"
"Orthion, Hero of Lavabrink",4,"Legendary Creature - Human Soldier",R,"mom","334",rare,null,Not Owned,Non-foil,mainboard,false,,,"Function: Value;Strict Humans: Enabler;Strict Tokens: Enabler","",109756,false,false,"Aaron Miller"
"Restoration Angel",4,"Creature - Angel",W,"avr","32",rare,null,Not Owned,Non-foil,mainboard,false,,,"Function: Interaction;Strict Blink: Enabler;Strict Blink: Payoff","",44009,false,false,"Johannes Voss"
"Thalia, Guardian of Thraben",2,"Legendary Creature - Human Soldier",W,"dka","24",rare,null,Not Owned,Non-foil,mainboard,false,,,"Strict Humans: Enabler;Strict Taxes: Enabler","",43469,false,false,"Jana Schirmer & Johannes Voss"
"Etali, Primal Storm",6,"Legendary Creature - Elder Dinosaur",R,"rix","100",rare,null,Not Owned,Non-foil,mainboard,false,,,"Function: Value;Strict Attack: Enabler;Strict Power 4+: Enabler;Strict Power Matters: Enabler","",66653,false,false,"Raymond Swanland"
"Massacre Wurm",6,"Creature - Phyrexian Wurm",B,"mbs","46",mythic,null,Not Owned,Non-foil,mainboard,false,,,"Function: Interaction;Strict Blink: Payoff;Strict Power 4+: Enabler;Strict Power Matters: Enabler;Strict Ramp: Glue","",39315,false,false,"Jason Chan"
"Memorial Vault",4,"Artifact",R,"eoe","145",rare,null,Not Owned,Non-foil,mainboard,false,,,"Function: Value;Strict Artifacts: Enabler;Strict Artifacts: Payoff;Strict Dies: Enabler;Strict Noncreature: Enabler;Strict Sacrifice: Enabler","",142903,false,false,"Javier Charro"
"Flesh Duplicate",2,"Creature - Shapeshifter Rebel",U,"who","44",rare,null,Not Owned,Non-foil,mainboard,false,,,"","",-1,false,false,"Kekai Kotaki"
"Faerie Mastermind",2,"Creature - Faerie Rogue",U,"mom","58",rare,null,Not Owned,Non-foil,mainboard,false,,,"Function: Value;Strict Draw: Enabler","",109930,false,false,"Joshua Raphael"
"Treasure Cruise",8,"Sorcery",U,"ktk","59",common,null,Not Owned,Non-foil,mainboard,false,,,"Function: Value;Strict Draw: Enabler;Strict Noncreature: Enabler","",54300,false,false,"Cynthia Sheppard"
"Regal Behemoth",6,"Creature - Dinosaur",G,"cn2","69",rare,null,Not Owned,Non-foil,mainboard,false,,,"Function: Value;Strict Blink: Payoff;Strict Power 4+: Enabler;Strict Power Matters: Enabler;Strict Ramp: Enabler;Strict Ramp: Glue","",-1,false,false,"Jakub Kasper"
"Cryptic Command",4,"Instant",U,"lrw","56",rare,null,Not Owned,Non-foil,mainboard,false,,,"Function: Interaction;Function: Value;Strict Draw: Enabler;Strict Noncreature: Enabler","",28499,false,false,"Wayne England"
"Kitsa, Otterball Elite",2,"Legendary Creature - Otter Wizard",U,"blb","54",mythic,null,Not Owned,Non-foil,mainboard,false,,,"Function: Value;Strict Discard: Enabler;Strict Draw: Enabler;Strict Graveyard Cast: Enabler;Strict Graveyard Types: Enabler;Strict Noncreature: Payoff;Strict Reanimator: Enabler","",129353,false,false,"Zoltan Boros"
"Mulldrifter",5,"Creature - Elemental",U,"lrw","76",common,null,Not Owned,Non-foil,mainboard,false,,,"Function: Value;Strict Blink: Payoff;Strict Draw: Enabler","",28245,false,false,"Eric Fortune"
"Etherium Sculptor",2,"Artifact Creature - Vedalken Artificer",U,"ala","42",common,null,Not Owned,Non-foil,mainboard,false,,,"Strict Artifacts: Enabler;Strict Artifacts: Payoff","",31213,false,false,"Steven Belledin"
"Time Warp",5,"Sorcery",U,"sta","22",mythic,null,Not Owned,Non-foil,mainboard,false,,,"Strict Noncreature: Enabler","",89101,false,false,"Dominik Mayer"
"Gifts Ungiven",4,"Instant",U,"chk","62",rare,null,Not Owned,Non-foil,mainboard,false,,,"Function: Value;Strict Noncreature: Enabler","",21335,false,false,"D. Alexander Gregory"
"Enduring Curiosity",4,"Enchantment Creature - Cat Glimmer",U,"dsk","51",rare,null,Not Owned,Non-foil,mainboard,false,,,"Function: Value;Strict Combat Damage: Enabler;Strict Dies: Payoff;Strict Draw: Enabler;Strict Enchantments: Enabler;Strict Power 4+: Enabler;Strict Power Matters: Enabler","",130233,false,false,"Julie Dillon"
"Fact or Fiction",4,"Instant",U,"inv","57",uncommon,null,Not Owned,Non-foil,mainboard,false,,,"Function: Value;Strict Noncreature: Enabler","",14505,false,false,"Terese Nielsen"
"Mana Vault",1,"Artifact",,"lea","259",rare,null,Not Owned,Non-foil,mainboard,false,,,"Strict Artifacts: Enabler;Strict Noncreature: Enabler;Strict Ramp: Enabler","",-1,false,false,"Mark Tedin"
"Smirking Spelljacker",5,"Creature - Djinn Wizard Rogue",U,"otc","16",rare,null,Not Owned,Non-foil,mainboard,false,,,"Function: Interaction;Function: Value;Strict Attack: Enabler;Strict Blink: Payoff;Strict Opponent Cards: Enabler","",125163,false,false,"Borja Pindado"
"Ketria Triome",0,"Land - Forest Island Mountain",,"iko","250",rare,null,Not Owned,Non-foil,mainboard,false,,,"Function: Value;Strict Discard: Enabler;Strict Five-Color Domain: Enabler;Strict Graveyard Cast: Enabler;Strict Graveyard Types: Enabler;Strict Reanimator: Enabler","",80509,false,false,"Sam Burley"
"Cryogen Relic",2,"Artifact",U,"eoe","52",common,null,Not Owned,Non-foil,mainboard,false,,,"Function: Value;Strict Artifacts: Enabler;Strict Blink: Payoff;Strict Draw: Enabler;Strict Noncreature: Enabler","",142717,false,false,"Eelis Kyttanen"
"Jace, the Mind Sculptor",4,"Legendary Planeswalker - Jace",U,"wwk","31",mythic,null,Not Owned,Non-foil,mainboard,false,,,"Function: Interaction;Function: Value;Strict Draw: Enabler;Strict Noncreature: Enabler","",35591,false,false,"Jason Chan"
"Braids, Conjurer Adept",4,"Legendary Creature - Human Wizard",U,"plc","36",rare,null,Not Owned,Non-foil,mainboard,false,,,"Strict Humans: Enabler","",26345,false,false,"Zoltan Boros & Gabor Szikszai"
"Aminatou's Augury",8,"Sorcery",U,"c18","6",rare,null,Not Owned,Non-foil,mainboard,false,,,"Function: Value;Strict Landfall: Enabler;Strict Noncreature: Enabler","",-1,false,false,"Seb McKinnon"
"Starfield Vocalist",4,"Creature - Human Bard",U,"eoe","78",rare,null,Not Owned,Non-foil,mainboard,false,,,"Strict Blink: Payoff;Strict Humans: Enabler","",142769,false,false,"Nathaniel Himawan"
"Displacer Kitten",4,"Creature - Cat Beast",U,"clb","63",rare,null,Not Owned,Non-foil,mainboard,false,,,"Strict Blink: Enabler;Strict Noncreature: Payoff","",100124,false,false,"Campbell White"
"Miscalculation",2,"Instant",U,"ulg","36",common,null,Not Owned,Non-foil,mainboard,false,,,"Function: Interaction;Function: Value;Strict Discard: Enabler;Strict Graveyard Cast: Enabler;Strict Graveyard Types: Enabler;Strict Noncreature: Enabler;Strict Reanimator: Enabler","",12607,false,false,"Jeff Laubenstein"
"Kappa Cannoneer",6,"Artifact Creature - Turtle Warrior",U,"nec","14",rare,null,Not Owned,Non-foil,mainboard,false,,,"Strict Artifacts: Enabler;Strict Artifacts: Payoff;Strict Blink: Payoff;Strict Counters: Enabler;Strict Power 4+: Enabler;Strict Power Matters: Enabler","",97776,false,false,"Jesper Ejsing"
"Three Steps Ahead",1,"Instant",U,"otj","75",rare,null,Not Owned,Non-foil,mainboard,false,,,"Function: Interaction;Function: Value;Strict Artifacts: Glue;Strict Discard: Enabler;Strict Draw: Enabler;Strict Graveyard Cast: Enabler;Strict Graveyard Types: Enabler;Strict Noncreature: Enabler;Strict Reanimator: Enabler;Strict Tokens: Enabler","",124061,false,false,"Francisco Miyara"
"Tandem Lookout",3,"Creature - Human Scout",U,"avr","80",uncommon,null,Not Owned,Non-foil,mainboard,false,,,"Function: Value;Strict Draw: Enabler;Strict Humans: Enabler","",44131,false,false,"Kev Walker"
"Thundertrap Trainer",2,"Creature - Otter Wizard",U,"blb","78",rare,null,Not Owned,Non-foil,mainboard,false,,,"Function: Value;Strict Blink: Payoff","",129401,false,false,"Matt Stewart"
"Spellseeker",3,"Creature - Human Wizard",U,"bbd","41",rare,null,Not Owned,Non-foil,mainboard,false,,,"Function: Value;Strict Blink: Payoff;Strict Humans: Enabler","",68810,false,false,"Igor Kieryluk"
"Psionic Blast",3,"Instant",U,"lea","74",uncommon,null,Not Owned,Non-foil,mainboard,false,,,"Function: Interaction;Strict Damage: Enabler;Strict Noncreature: Enabler","",-1,false,false,"Douglas Shuler"
"Brazen Borrower",3,"Creature - Faerie Rogue",U,"eld","39",mythic,null,Not Owned,Non-foil,mainboard,false,,,"Function: Interaction","",78180,false,false,"Eric Deschamps"
"Aboleth Spawn",3,"Creature - Fish Horror",U,"clb","662",rare,null,Not Owned,Non-foil,mainboard,false,,,"","",101420,false,false,"Sam Burley"
"Shelldock Isle",0,"Land",,"lrw","272",rare,null,Not Owned,Non-foil,mainboard,false,,,"Function: Value","",28707,false,false,"Mark Tedin"
"Kiora, the Rising Tide",3,"Legendary Creature - Merfolk Noble",U,"fdn","45",rare,null,Not Owned,Non-foil,mainboard,false,,,"Function: Value;Strict Attack: Enabler;Strict Blink: Payoff;Strict Discard: Enabler;Strict Draw: Enabler;Strict Graveyard Cast: Enabler;Strict Graveyard Types: Enabler;Strict Power 4+: Enabler;Strict Reanimator: Enabler;Strict Tokens: Enabler","",133658,false,false,"Julian Kok Joon Wen"
"Quistis Trepe",3,"Legendary Creature - Human Wizard",U,"fin","66",uncommon,null,Not Owned,Non-foil,mainboard,false,,,"Strict Blink: Payoff;Strict Graveyard Cast: Payoff;Strict Humans: Enabler","",141059,false,false,"Touge369"
"Hypnotic Sprite",2,"Creature - Faerie",U,"eld","49",uncommon,null,Not Owned,Non-foil,mainboard,false,,,"Function: Interaction","",78204,false,false,"Irina Nordsol"
"Professor Hulk",6,"Legendary Creature - Gamma Scientist Hero",U,"msc","37",rare,null,Not Owned,Non-foil,mainboard,false,,,"Function: Value;Strict Combat Damage: Enabler;Strict Draw: Enabler;Strict Power 4+: Enabler;Strict Power Matters: Enabler;Strict Ramp: Glue","",150513,false,false,"Leroy Steinmann"
"Noxious Revival",1,"Instant",G,"nph","118",uncommon,null,Not Owned,Non-foil,mainboard,false,,,"Strict Noncreature: Enabler","",39922,false,false,"Matt Stewart"
"Ledger Shredder",2,"Creature - Bird Advisor",U,"snc","46",rare,null,Not Owned,Non-foil,mainboard,false,,,"Function: Value;Strict Counters: Enabler;Strict Discard: Enabler;Strict Draw: Enabler;Strict Graveyard Cast: Enabler;Strict Graveyard Types: Enabler;Strict Reanimator: Enabler","",98311,false,false,"Mila Pesic"
"Repulse",3,"Instant",U,"inv","70",common,null,Not Owned,Non-foil,mainboard,false,,,"Function: Interaction;Function: Value;Strict Draw: Enabler;Strict Noncreature: Enabler","",14553,false,false,"Aaron Boyd"
"The Reality Chip",2,"Legendary Artifact Creature - Equipment Jellyfish",U,"neo","74",rare,null,Not Owned,Non-foil,mainboard,false,,,"Function: Value;Strict Artifacts: Enabler;Strict Equipment: Enabler","",97068,false,false,"Campbell White"
"Triarch Praetorian",2,"Artifact Creature - Necron",B,"40k","66",uncommon,null,Not Owned,Non-foil,mainboard,false,,,"Function: Value;Strict Artifacts: Enabler;Strict Blink: Payoff;Strict Draw: Enabler","",108604,false,false,"Lucas Terryn"
"Snap",2,"Instant",U,"ulg","43",common,null,Not Owned,Non-foil,mainboard,false,,,"Function: Interaction;Strict Noncreature: Enabler","",12621,false,false,"Mike Raabe"
"Silver Myr",2,"Artifact Creature - Myr",,"mrd","241",common,null,Not Owned,Non-foil,mainboard,false,,,"Strict Artifacts: Enabler;Strict Ramp: Enabler","",19985,false,false,"Kev Walker"
"Encore Electromancer",2,"Creature - Human Wizard",U,"sld","808",mythic,null,Not Owned,Foil,mainboard,false,,,"Strict Blink: Payoff;Strict Graveyard Cast: Payoff;Strict Humans: Enabler","",-1,false,false,"Raita Kazama"
"The Key to the Vault",2,"Legendary Artifact - Equipment",U,"otj","54",rare,null,Not Owned,Non-foil,mainboard,false,,,"Function: Value;Strict Artifacts: Enabler;Strict Combat Damage: Enabler;Strict Equipment: Enabler;Strict Noncreature: Enabler","",124019,false,false,"Leon Tukker"
"Remand",2,"Instant",U,"rav","63",uncommon,null,Not Owned,Non-foil,mainboard,false,,,"Function: Interaction;Function: Value;Strict Draw: Enabler;Strict Noncreature: Enabler","",23174,false,false,"Mark A. Nelson"
"Essence Capture",2,"Instant",U,"rna","37",uncommon,null,Not Owned,Non-foil,mainboard,false,,,"Function: Interaction;Strict Counters: Enabler;Strict Noncreature: Enabler","",71074,false,false,"Mathias Kollros"
"Consult the Star Charts",2,"Instant",U,"eoe","51",rare,null,Not Owned,Non-foil,mainboard,false,,,"Function: Value;Strict Noncreature: Enabler","",142715,false,false,"Antonio José Manzanedo"
"Faerie Seer",1,"Creature - Faerie Wizard",U,"j25","106",common,null,Not Owned,Non-foil,mainboard,false,,,"Strict Blink: Payoff","",-1,false,false,"Eelis Kyttanen"
"Serum Visions",1,"Sorcery",U,"5dn","36",common,null,Not Owned,Non-foil,mainboard,false,,,"Function: Value;Strict Draw: Enabler;Strict Noncreature: Enabler","",20956,false,false,"Ben Thompson"
"Ponder",1,"Sorcery",U,"lrw","79",common,null,Not Owned,Non-foil,mainboard,false,,,"Function: Value;Strict Draw: Enabler;Strict Noncreature: Enabler","",28339,false,false,"Mark Tedin"
"Brainstorm",1,"Instant",U,"ice","61",common,null,Not Owned,Non-foil,mainboard,false,,,"Function: Value;Strict Draw: Enabler;Strict Noncreature: Enabler","",24401,false,false,"Christopher Rush"
"Monstrosity of the Lake",5,"Legendary Creature - Kraken",U,"ltc","22",rare,null,Not Owned,Non-foil,mainboard,false,,,"Function: Value;Strict Blink: Payoff;Strict Discard: Enabler;Strict Graveyard Cast: Enabler;Strict Graveyard Types: Enabler;Strict Power 4+: Enabler;Strict Power Matters: Enabler;Strict Reanimator: Enabler","",113076,false,false,"Ben Wootten"
"Hide on the Ceiling",1,"Instant",U,"spm","32",rare,null,Not Owned,Non-foil,mainboard,false,,,"Strict Noncreature: Enabler","",153299,false,false,"Fariba Khamseh"
"Gitaxian Probe",1,"Sorcery",U,"nph","35",common,null,Not Owned,Non-foil,mainboard,false,,,"Function: Value;Strict Draw: Enabler;Strict Noncreature: Enabler","",39976,false,false,"Chippy"
"Into the Flood Maw",1,"Instant",U,"blb","52",uncommon,null,Not Owned,Non-foil,mainboard,false,,,"Function: Interaction;Strict Noncreature: Enabler","",129349,false,false,"Danny Schwartz"
"Preordain",1,"Sorcery",U,"m11","70",common,null,Not Owned,Non-foil,mainboard,false,,,"Function: Value;Strict Draw: Enabler;Strict Noncreature: Enabler","",37388,false,false,"Svetlin Velinov"
"Sublime Epiphany",6,"Instant",U,"m21","74",rare,null,Not Owned,Non-foil,mainboard,false,,,"Function: Interaction;Function: Value;Strict Draw: Enabler;Strict Noncreature: Enabler;Strict Ramp: Glue;Strict Tokens: Enabler","",81375,false,false,"Lindsey Look"
"Venser, Shaper Savant",4,"Legendary Creature - Human Wizard",U,"fut","46",rare,null,Not Owned,Non-foil,mainboard,false,,,"Function: Interaction;Strict Blink: Payoff;Strict Humans: Enabler","",26594,false,false,"Aleksi Briclot"
"Living Death",5,"Sorcery",B,"tmp","142",rare,null,Not Owned,Non-foil,mainboard,false,,,"Function: Interaction;Function: Value;Strict Noncreature: Enabler","",9795,false,false,"Charles Gillespie"
"Bumi, Unleashed",5,"Legendary Creature - Human Noble Ally",GR,"tla","211",mythic,null,Not Owned,Non-foil,mainboard,false,,,"Function: Value;Strict Attack: Glue;Strict Blink: Payoff;Strict Combat Damage: Enabler;Strict Humans: Enabler;Strict Power 4+: Enabler;Strict Power Matters: Enabler","",144914,false,false,"Toni Infante"
"Dispelling Exhale",2,"Instant",U,"tdm","41",common,null,Not Owned,Non-foil,mainboard,false,,,"Function: Interaction;Strict Noncreature: Enabler","",139029,false,false,"David Auden Nash"
"Curiosity",1,"Enchantment - Aura",U,"exo","29",uncommon,null,Not Owned,Non-foil,mainboard,false,,,"Function: Value;Strict Draw: Enabler;Strict Enchantments: Enabler;Strict Noncreature: Enabler","",10593,false,false,"Val Mayerik"
"Spell Pierce",1,"Instant",U,"zen","67",common,null,Not Owned,Non-foil,mainboard,false,,,"Function: Interaction;Strict Noncreature: Enabler","",34442,false,false,"Vance Kovacs"
"Mana Leak",2,"Instant",U,"sth","36",common,null,Not Owned,Non-foil,mainboard,false,,,"Function: Interaction;Strict Noncreature: Enabler","",10307,false,false,"Christopher Rush"
"Aether Spellbomb",1,"Artifact",,"mrd","141",common,null,Not Owned,Non-foil,mainboard,false,,,"Function: Interaction;Function: Value;Strict Artifacts: Enabler;Strict Draw: Enabler;Strict Noncreature: Enabler","",19871,false,false,"Jim Nelson"
"Serum Visionary",3,"Creature - Vedalken Wizard",U,"mh3","69",common,null,Not Owned,Non-foil,mainboard,false,,,"Function: Value;Strict Blink: Payoff;Strict Draw: Enabler","",126155,false,false,"Warren Mahy"
"Luminarch Aspirant",2,"Creature - Human Cleric",W,"znr","24",rare,null,Not Owned,Non-foil,mainboard,false,,,"Strict Counters: Enabler;Strict Humans: Enabler","",82987,false,false,"Mads Ahm"
"Lórien Revealed",5,"Sorcery",U,"ltr","60",common,null,Not Owned,Non-foil,mainboard,false,,,"Function: Value;Strict Discard: Enabler;Strict Draw: Enabler;Strict Graveyard Cast: Enabler;Strict Graveyard Types: Enabler;Strict Noncreature: Enabler;Strict Reanimator: Enabler","",112030,false,false,"Randy Gallegos"
"Thought Monitor",7,"Artifact Creature - Construct",U,"mh2","71",rare,null,Not Owned,Non-foil,mainboard,false,,,"Function: Value;Strict Artifacts: Enabler;Strict Artifacts: Payoff;Strict Blink: Payoff;Strict Draw: Enabler","",90515,false,false,"Martina Pilcerova"
"Stubborn Denial",1,"Instant",U,"ktk","56",uncommon,null,Not Owned,Non-foil,mainboard,false,,,"Function: Interaction;Strict Noncreature: Enabler;Strict Power 4+: Payoff","",54308,false,false,"James Ryman"
"Lockjaw, Slobbering Teleporter",2,"Legendary Creature - Inhuman Dog Hero",U,"msc","36",rare,null,Not Owned,Non-foil,mainboard,false,,,"Strict Combat Damage: Glue;Strict Counters: Enabler;Strict Noncreature: Payoff","",150511,false,false,"Thomas Chamberlain-Keen"
"Frostcliff Siege",3,"Enchantment",RU,"tdm","187",rare,null,Not Owned,Non-foil,mainboard,false,,,"Function: Value;Strict Draw: Enabler;Strict Enchantments: Enabler;Strict Noncreature: Enabler","",139335,false,false,"Dan Murayama Scott"
"Caustic Bronco",2,"Creature - Snake Horse Mount",B,"otj","82",rare,null,Not Owned,Non-foil,mainboard,false,,,"Function: Value;Strict Attack: Enabler","",124075,false,false,"Brent Hollowell"
"Double Jump // Flying Kick",4,"Instant",RU,"tmc","35",rare,null,Not Owned,Non-foil,mainboard,false,,,"Function: Interaction;Strict Damage: Enabler;Strict Noncreature: Enabler;Strict Power Matters: Payoff","",147399,false,false,"Kevin Sidharta"
"Wolverine, Best There Is",3,"Legendary Creature - Mutant Berserker Hero",GR,"sld","1737",mythic,null,Not Owned,Non-foil,mainboard,false,,,"Strict Counters: Enabler;Strict Damage: Glue","",-1,false,false,"Victor Adame Minguez"
"Frantic Search",3,"Instant",U,"ulg","32",common,null,Not Owned,Non-foil,mainboard,false,,,"Function: Value;Strict Discard: Enabler;Strict Draw: Enabler;Strict Graveyard Cast: Enabler;Strict Graveyard Types: Enabler;Strict Noncreature: Enabler;Strict Reanimator: Enabler","",12615,false,false,"Jeff Miracola"
"Skyknight Squire",2,"Creature - Cat Scout",W,"fdn","23",rare,null,Not Owned,Non-foil,mainboard,false,,,"Strict Blink: Payoff;Strict Counters: Enabler","",133614,false,false,"Alexander Mokhov"
"Assassin's Trophy",2,"Instant",BG,"grn","152",rare,null,Not Owned,Non-foil,mainboard,false,,,"Function: Interaction;Strict Noncreature: Enabler","",69677,false,false,"Seb McKinnon"
"Expressive Iteration",2,"Sorcery",RU,"stx","186",uncommon,null,Not Owned,Non-foil,mainboard,false,,,"Function: Value;Strict Noncreature: Enabler","",88879,false,false,"Anastasia Ovchinnikova"
"Cauldron of Essence",3,"Artifact",BG,"sos","179",rare,null,Not Owned,Non-foil,mainboard,false,,,"Function: Value;Strict Artifacts: Enabler;Strict Dies: Enabler;Strict Dies: Payoff;Strict Graveyard Cast: Enabler;Strict Graveyard Types: Enabler;Strict Lifegain: Enabler;Strict Noncreature: Enabler;Strict Reanimator: Enabler;Strict Reanimator: Payoff;Strict Sacrifice: Enabler","",149857,false,false,"Craig J Spearing"
"Bonehoard Dracosaur",5,"Creature - Dinosaur Dragon",R,"lci","134",mythic,null,Not Owned,Non-foil,mainboard,false,,,"Function: Value;Strict Artifacts: Enabler;Strict Power 4+: Enabler;Strict Power Matters: Enabler;Strict Tokens: Enabler","",118080,false,false,"Mark Zug"
"Saheeli, Sublime Artificer",3,"Legendary Planeswalker - Saheeli",RU,"war","234",uncommon,null,Not Owned,Non-foil,mainboard,false,,,"Function: Value;Strict Noncreature: Enabler;Strict Noncreature: Payoff;Strict Tokens: Enabler","",72074,false,false,"Wesley Burt"
"Hydroid Krasis",2,"Creature - Jellyfish Hydra Beast",GU,"rna","183",mythic,null,Not Owned,Non-foil,mainboard,false,,,"Function: Value;Strict Counters: Enabler","",71366,false,false,"Jason Felix"
"Mawloc",2,"Creature - Tyranid",GR,"40k","133",rare,null,Not Owned,Non-foil,mainboard,false,,,"Function: Interaction;Function: Value;Strict Blink: Payoff","",108738,false,false,"Mathias Kollros"
"Uro, Titan of Nature's Wrath",3,"Legendary Creature - Elder Giant",GU,"thb","229",mythic,null,Not Owned,Non-foil,mainboard,false,,,"Function: Value;Strict Attack: Enabler;Strict Blink: Payoff;Strict Draw: Enabler;Strict Graveyard Cast: Payoff;Strict Landfall: Enabler;Strict Lifegain: Enabler;Strict Power 4+: Enabler;Strict Power Matters: Enabler","",79582,false,false,"Vincent Proce"
"Fractured Identity",5,"Sorcery",UW,"c17","37",rare,null,Not Owned,Non-foil,mainboard,false,,,"Function: Interaction;Strict Noncreature: Enabler","",73846,false,false,"Yongjae Choi"
"Bonny Pall, Clearcutter",6,"Legendary Creature - Giant Scout",GU,"otj","196",rare,null,Not Owned,Non-foil,mainboard,false,,,"Function: Value;Strict Blink: Payoff;Strict Draw: Enabler;Strict Landfall: Enabler;Strict Power 4+: Enabler;Strict Power Matters: Enabler;Strict Ramp: Glue;Strict Tokens: Enabler","",124303,false,false,"Bryan Sola"
"Natural Order",4,"Sorcery",G,"vis","114",rare,null,Not Owned,Non-foil,mainboard,false,,,"Function: Value;Strict Dies: Enabler;Strict Noncreature: Enabler;Strict Sacrifice: Enabler","",7647,false,false,"Terese Nielsen"
"Mayhem Devil",3,"Creature - Devil",BR,"war","204",uncommon,null,Not Owned,Non-foil,mainboard,false,,,"Function: Interaction;Strict Damage: Enabler;Strict Sacrifice: Payoff","",72014,false,false,"Dmitry Burmak"
"Decadent Dragon",4,"Creature - Dragon",R,"woe","223",rare,null,Not Owned,Non-foil,mainboard,false,,,"Function: Value;Strict Artifacts: Enabler;Strict Attack: Enabler;Strict Opponent Cards: Enabler;Strict Power 4+: Enabler;Strict Power Matters: Enabler;Strict Tokens: Enabler","",116796,false,false,"Wylie Beckert"
"Ayara, Widow of the Realm",3,"Legendary Creature - Elf Noble",B,"mom","90",rare,null,Not Owned,Non-foil,mainboard,false,,,"Function: Value;Strict Damage: Enabler;Strict Dies: Enabler;Strict Graveyard Cast: Enabler;Strict Graveyard Types: Enabler;Strict Lifegain: Enabler;Strict Reanimator: Enabler;Strict Reanimator: Payoff;Strict Sacrifice: Enabler","",110012,false,false,"Anna Podedworna"
"The Mightstone and Weakstone",5,"Legendary Artifact - Powerstone",,"bro","238",rare,null,Not Owned,Non-foil,mainboard,false,,,"Function: Interaction;Function: Value;Strict Artifacts: Enabler;Strict Blink: Payoff;Strict Draw: Enabler;Strict Noncreature: Enabler;Strict Ramp: Enabler","",105100,false,false,"Ryan Pancoast"
"Lurrus of the Dream-Den",3,"Legendary Creature - Cat Nightmare",BW,"iko","226",rare,null,Not Owned,Non-foil,mainboard,false,,,"Function: Value;Strict Graveyard Cast: Payoff;Strict Lifegain: Enabler","",80461,false,false,"Slawomir Maniak"
"Elesh Norn, Mother of Machines",5,"Legendary Creature - Phyrexian Praetor",W,"one","10",mythic,null,Not Owned,Non-foil,mainboard,false,,,"Strict Blink: Payoff;Strict Power 4+: Enabler;Strict Power Matters: Enabler","",106235,false,false,"Martina Fačková"
"Talion, the Kindly Lord",4,"Legendary Creature - Faerie Noble",BU,"woe","215",mythic,null,Not Owned,Non-foil,mainboard,false,,,"Function: Value;Strict Draw: Enabler","",116774,false,false,"Justyna Dura"
"Lingering Souls",3,"Sorcery",W,"dka","12",uncommon,null,Not Owned,Non-foil,mainboard,false,,,"Function: Value;Strict Graveyard Cast: Payoff;Strict Noncreature: Enabler;Strict Tokens: Enabler","",43359,false,false,"Bud Cook"
"Peter Parker",2,"Legendary Creature - Human Scientist Hero",W,"spm","10",mythic,null,Not Owned,Non-foil,mainboard,false,,,"Function: Interaction;Function: Value;Strict Blink: Payoff;Strict Humans: Enabler;Strict Tokens: Enabler","",153255,false,false,"Thanh Tuấn"
"Smirking Spelljacker",5,"Creature - Djinn Wizard Rogue",U,"otc","16",rare,null,Not Owned,Non-foil,mainboard,false,,,"Function: Interaction;Function: Value;Strict Attack: Enabler;Strict Blink: Payoff;Strict Opponent Cards: Enabler","",125163,false,false,"Borja Pindado"
"Aragorn, King of Gondor",4,"Legendary Creature - Human Noble",RUW,"ltc","5",mythic,null,Not Owned,Non-foil,mainboard,false,,,"Function: Value;Strict Attack: Enabler;Strict Blink: Payoff;Strict Humans: Enabler;Strict Lifegain: Enabler;Strict Power 4+: Enabler;Strict Power Matters: Enabler","",113194,false,false,"Yongjae Choi"
"Baleful Strix",2,"Artifact Creature - Bird",BU,"pc2","82",uncommon,null,Not Owned,Non-foil,mainboard,false,,,"Function: Value;Strict Artifacts: Enabler;Strict Blink: Payoff;Strict Draw: Enabler","",45066,false,false,"Nils Hamm"
"Twinmaw Stormbrood",6,"Creature - Dragon",W,"tdm","232",uncommon,null,Not Owned,Non-foil,mainboard,false,,,"Function: Interaction;Strict Blink: Payoff;Strict Damage: Enabler;Strict Lifegain: Enabler;Strict Power 4+: Enabler;Strict Power Matters: Enabler","",139429,false,false,"Tuan Duong Chu"
"Hostage Taker",4,"Creature - Human Pirate",BU,"xln","223",rare,null,Not Owned,Non-foil,mainboard,false,,,"Function: Interaction;Function: Value;Strict Blink: Payoff;Strict Humans: Enabler","",65466,false,false,"Wayne Reynolds"
"Aang, Swift Savior",3,"Legendary Creature - Human Avatar Ally",UW,"tla","204",rare,null,Not Owned,Non-foil,mainboard,false,,,"Function: Interaction;Strict Blink: Payoff;Strict Counters: Enabler;Strict Humans: Enabler","",144896,false,false,"Tetsuko"
"Edric, Spymaster of Trest",3,"Legendary Creature - Elf Rogue",GU,"cmd","196",rare,null,Not Owned,Non-foil,mainboard,false,,,"Function: Value;Strict Combat Damage: Enabler;Strict Draw: Enabler","",40629,false,false,"Volkan Baǵa"
"Koh, the Face Stealer",6,"Legendary Creature - Shapeshifter Spirit",B,"tla","107",mythic,null,Not Owned,Non-foil,mainboard,false,,,"Function: Interaction;Strict Blink: Payoff;Strict Dies: Payoff;Strict Power 4+: Enabler;Strict Power Matters: Enabler;Strict Ramp: Glue","",144694,false,false,"Eduardo Francisco"
"Tidehollow Sculler",2,"Artifact Creature - Zombie",BW,"ala","202",uncommon,null,Not Owned,Non-foil,mainboard,false,,,"Function: Interaction;Strict Artifacts: Enabler;Strict Blink: Payoff","",31125,false,false,"rk post"
"Syr Vondam, Sunstar Exemplar",2,"Legendary Creature - Human Knight",BW,"eoe","231",rare,null,Not Owned,Non-foil,mainboard,false,,,"Function: Interaction;Strict Counters: Enabler;Strict Dies: Payoff;Strict Humans: Enabler;Strict Lifegain: Enabler","",143075,false,false,"Ryan Pancoast"
"Elas il-Kor, Sadistic Pilgrim",2,"Legendary Creature - Phyrexian Kor Cleric",BW,"dmu","198",uncommon,null,Not Owned,Non-foil,mainboard,false,,,"Strict Blink: Payoff;Strict Dies: Payoff;Strict Lifegain: Enabler","",102872,false,false,"G-host Lee"
"Winota, Joiner of Forces",4,"Legendary Creature - Human Warrior",RW,"iko","216",mythic,null,Not Owned,Non-foil,mainboard,false,,,"Function: Value;Strict Attack: Enabler;Strict Attack: Glue;Strict Humans: Enabler;Strict Power 4+: Enabler;Strict Power Matters: Enabler","",80441,false,false,"Magali Villeneuve"
"Kellan, the Fae-Blooded",3,"Legendary Creature - Human Faerie",R,"woe","230",mythic,null,Not Owned,Non-foil,mainboard,false,,,"Function: Value;Strict Equipment: Glue;Strict Equipment: Payoff;Strict Humans: Enabler","",116824,false,false,"Anna Steinbauer"
"Bria, Riptide Rogue",4,"Legendary Creature - Otter Rogue",RU,"blb","379",mythic,null,Not Owned,Non-foil,mainboard,false,,,"Strict Combat Damage: Glue;Strict Noncreature: Payoff","",128999,false,false,"Borja Pindado"
"Dack Fayden",3,"Legendary Planeswalker - Dack",RU,"cns","42",mythic,null,Not Owned,Non-foil,mainboard,false,,,"Function: Value;Strict Draw: Enabler;Strict Noncreature: Enabler;Strict Theft: Enabler","",-1,false,false,"Eric Deschamps"
"Solphim, Mayhem Dominus",4,"Legendary Creature - Phyrexian Horror",R,"one","150",mythic,null,Not Owned,Non-foil,mainboard,false,,,"Strict Damage: Payoff;Strict Discard: Enabler;Strict Graveyard Cast: Enabler;Strict Graveyard Types: Enabler;Strict Power 4+: Enabler;Strict Power Matters: Enabler;Strict Reanimator: Enabler","",106515,false,false,"Chris Cold"
"Razorkin Needlehead",2,"Creature - Human Assassin",R,"dsk","153",rare,null,Not Owned,Non-foil,mainboard,false,,,"Strict Damage: Enabler;Strict Draw: Enabler;Strict Humans: Enabler","",130437,false,false,"Riccardo Federici"
"Wishclaw Talisman",2,"Artifact",B,"eld","110",rare,null,Not Owned,Non-foil,mainboard,false,,,"Function: Value;Strict Artifacts: Enabler;Strict Noncreature: Enabler","",78342,false,false,"Daarken"
"Abaddon the Despoiler",5,"Legendary Creature - Astartes Warrior",BRU,"40k","171",mythic,null,Not Owned,Non-foil,mainboard,false,,,"Function: Value;Strict Power 4+: Enabler;Strict Power Matters: Enabler","",-1,false,false,"Johan Grenier"
"Mosswood Dreadknight",2,"Creature - Human Knight",G,"woe","231",rare,null,Not Owned,Non-foil,mainboard,false,,,"Function: Value;Strict Dies: Payoff;Strict Draw: Enabler;Strict Graveyard Cast: Payoff;Strict Humans: Enabler","",116828,false,false,"Ryan Pancoast"
"Grim Flayer",2,"Creature - Human Warrior",BG,"emn","184",mythic,null,Not Owned,Non-foil,mainboard,false,,,"Strict Combat Damage: Enabler;Strict Graveyard Types: Payoff;Strict Humans: Enabler","",61506,false,false,"Mathias Kollros"
"Grisly Salvage",2,"Instant",BG,"rtr","165",common,null,Not Owned,Non-foil,mainboard,false,,,"Function: Value;Strict Noncreature: Enabler","",46375,false,false,"Dave Kendall"
"Locke, Treasure Hunter",3,"Legendary Creature - Human Rogue",BR,"fic","87",rare,null,Not Owned,Non-foil,mainboard,false,,,"Function: Value;Strict Artifacts: Enabler;Strict Attack: Enabler;Strict Humans: Enabler;Strict Tokens: Enabler","",140167,false,false,"AKAGI"
"Ornery Tumblewagg",3,"Creature - Brushwagg Mount",G,"otj","171",rare,null,Not Owned,Non-foil,mainboard,false,,,"Strict Attack: Enabler;Strict Counters: Enabler;Strict Counters: Payoff","",124253,false,false,"Izzy"
"Tear Asunder",2,"Instant",G,"dmu","183",uncommon,null,Not Owned,Non-foil,mainboard,false,,,"Function: Interaction;Strict Noncreature: Enabler","",102842,false,false,"Dave Kendall"
"Vanguard Suppressor",4,"Creature - Astartes Warrior",U,"40k","27",rare,null,Not Owned,Non-foil,mainboard,false,,,"Function: Value;Strict Combat Damage: Enabler;Strict Draw: Enabler","",108526,false,false,"Fajareka Setiawan"
"Ureni, the Song Unending",8,"Legendary Creature - Spirit Dragon",GRU,"tdm","233",mythic,null,Not Owned,Non-foil,mainboard,false,,,"Function: Interaction;Strict Blink: Payoff;Strict Damage: Enabler;Strict Power 4+: Enabler;Strict Power Matters: Enabler;Strict Ramp: Payoff","",139433,false,false,"Alexander Ostrowski"
"Soulherder",3,"Creature - Spirit",UW,"mh1","214",uncommon,null,Not Owned,Non-foil,mainboard,false,,,"Strict Blink: Enabler;Strict Blink: Payoff;Strict Counters: Enabler","",72800,false,false,"Seb McKinnon"
"Stormshriek Feral",5,"Creature - Dragon",R,"tdm","124",common,null,Not Owned,Non-foil,mainboard,false,,,"Function: Value;Strict Discard: Enabler;Strict Draw: Enabler;Strict Graveyard Cast: Enabler;Strict Graveyard Types: Enabler;Strict Reanimator: Enabler","",139201,false,false,"Joshua Raphael"
"Coveted Jewel",6,"Artifact",,"c18","54",rare,null,Not Owned,Non-foil,mainboard,false,,,"Function: Value;Strict Artifacts: Enabler;Strict Blink: Payoff;Strict Draw: Enabler;Strict Noncreature: Enabler;Strict Ramp: Enabler;Strict Ramp: Glue","",-1,false,false,"Jason A. Engle"
"Molecule Man",6,"Legendary Creature - Human Villain",,"msc","9",rare,null,Not Owned,Non-foil,mainboard,false,,,"Strict Humans: Enabler;Strict Power 4+: Enabler;Strict Power Matters: Enabler;Strict Ramp: Glue","",150457,false,false,"Simon Dominic"
"Calamity, Galloping Inferno",6,"Legendary Creature - Horse Mount",R,"otj","116",rare,null,Not Owned,Non-foil,mainboard,false,,,"Function: Value;Strict Attack: Enabler;Strict Attack: Glue;Strict Power 4+: Enabler;Strict Power Matters: Enabler;Strict Ramp: Glue;Strict Tokens: Enabler","",124143,false,false,"Artur Nakhodkin"
"Silk, Web Weaver",4,"Legendary Creature - Spider Human Hero",GW,"spm","145",rare,null,Not Owned,Non-foil,mainboard,false,,,"Function: Interaction;Function: Value;Strict Humans: Enabler;Strict Tokens: Enabler","",153533,false,false,"Carissa Susilo"
"Okoye, Mighty and Adored",4,"Legendary Creature - Human Warrior Hero",GW,"msc","89",rare,null,Not Owned,Non-foil,mainboard,false,,,"Function: Value;Strict Attack: Enabler;Strict Blink: Payoff;Strict Counters: Enabler;Strict Humans: Enabler","",150617,false,false,"Aniekan Udofia"
"Negan, the Cold-Blooded",5,"Legendary Creature - Human Rogue",BRW,"sld","147",mythic,null,Not Owned,Non-foil,mainboard,false,,,"Function: Interaction;Function: Value;Strict Artifacts: Enabler;Strict Blink: Payoff;Strict Humans: Enabler;Strict Power 4+: Enabler;Strict Power Matters: Enabler;Strict Sacrifice: Payoff;Strict Tokens: Enabler","",84768,false,false,"Jake Murray"
"Korvold, Fae-Cursed King",5,"Legendary Creature - Dragon Noble",BGR,"eoc","120",mythic,null,Not Owned,Non-foil,mainboard,false,,,"Function: Value;Strict Attack: Enabler;Strict Blink: Payoff;Strict Counters: Enabler;Strict Draw: Enabler;Strict Power 4+: Enabler;Strict Power Matters: Enabler;Strict Sacrifice: Payoff","",142377,false,false,"Wisnu Tan"
"Satya, Aetherflux Genius",4,"Legendary Creature - Human Artificer",RUW,"m3c","3",mythic,null,Not Owned,Non-foil,mainboard,false,,,"Function: Value;Strict Attack: Enabler;Strict Attack: Glue;Strict Humans: Enabler;Strict Tokens: Enabler","",127483,false,false,"Aaron Miller"
"Ankle Shanker",5,"Creature - Goblin Berserker",BRW,"ktk","164",rare,null,Not Owned,Non-foil,mainboard,false,,,"Strict Attack: Enabler","",54476,false,false,"Zoltan Boros"
"Sunspine Lynx",4,"Creature - Elemental Cat",R,"blb","155",rare,null,Not Owned,Non-foil,mainboard,false,,,"Strict Blink: Payoff;Strict Power 4+: Enabler;Strict Power Matters: Enabler","",129555,false,false,"Martin Wittfooth"
"Agent Bishop, Man in Black",3,"Legendary Creature - Human Soldier",W,"tmt","2",rare,null,Not Owned,Non-foil,mainboard,false,,,"Strict Counters: Enabler;Strict Humans: Enabler","",147627,false,false,"Adrián Rodríguez Pérez"
"Villainous Wealth",3,"Sorcery",BGU,"ktk","211",rare,null,Not Owned,Non-foil,mainboard,false,,,"Strict Noncreature: Enabler;Strict Opponent Cards: Enabler","",54448,false,false,"Erica Yang"
"Kefka, Court Mage",5,"Legendary Creature - Human Wizard",BRU,"fin","231",mythic,null,Not Owned,Non-foil,mainboard,false,,,"Function: Interaction;Function: Value;Strict Attack: Enabler;Strict Blink: Payoff;Strict Draw: Enabler;Strict Humans: Enabler;Strict Power 4+: Enabler;Strict Power Matters: Enabler","",141419,false,false,"Xui Ton"
"Reaver Titan",7,"Artifact - Vehicle",,"40k","163",rare,null,Not Owned,Non-foil,mainboard,false,,,"Strict Artifacts: Enabler;Strict Attack: Enabler;Strict Damage: Enabler;Strict Noncreature: Enabler;Strict Ramp: Glue","",108798,false,false,"Philip Helliwell"
"Terra, Herald of Hope",3,"Legendary Creature - Human Wizard Warrior",BRW,"fic","4",mythic,null,Not Owned,Non-foil,mainboard,false,,,"Function: Value;Strict Combat Damage: Enabler;Strict Graveyard Cast: Enabler;Strict Graveyard Types: Enabler;Strict Humans: Enabler;Strict Reanimator: Enabler;Strict Reanimator: Payoff","",139999,false,false,"Marta Nael"
"N'Yami-Class Mother Ship",6,"Artifact - Vehicle",,"msc","110",rare,null,Not Owned,Non-foil,mainboard,false,,,"Function: Value;Strict Artifacts: Enabler;Strict Combat Damage: Enabler;Strict Noncreature: Enabler;Strict Ramp: Glue","",150659,false,false,"Kevin Sidharta"
"Atraxa, Grand Unifier",7,"Legendary Creature - Phyrexian Angel",BGUW,"one","196",mythic,null,Not Owned,Non-foil,mainboard,false,,,"Function: Value;Strict Blink: Payoff;Strict Five-Color Domain: Payoff;Strict Lifegain: Enabler;Strict Power 4+: Enabler;Strict Power Matters: Enabler;Strict Ramp: Glue","",106607,false,false,"Marta Nael"
"Command the Chaff",6,"Instant",U,"cmb1","18",rare,null,Not Owned,Non-foil,mainboard,false,,,"Strict Noncreature: Enabler;Strict Opponent Cards: Enabler","",-1,false,false,"George Fan"
"Wizened Mentor",2,"Creature - Zombie Cleric",W,"drc","8",rare,null,Not Owned,Non-foil,mainboard,false,,,"Function: Value;Strict Tokens: Enabler","",137213,false,false,"Bruno Biazotto"
"Saheeli, the Sun's Brilliance",2,"Legendary Creature - Human Artificer",RU,"lci","239",mythic,null,Not Owned,Non-foil,mainboard,false,,,"Function: Value;Strict Humans: Enabler;Strict Tokens: Enabler","",118318,false,false,"Cynthia Sheppard"
"Etali, Primal Conqueror",7,"Legendary Creature - Elder Dinosaur",R,"mom","137",rare,null,Not Owned,Non-foil,mainboard,false,,,"Function: Value;Strict Blink: Payoff;Strict Combat Damage: Enabler;Strict Power 4+: Enabler;Strict Power Matters: Enabler","",110122,false,false,"Ryan Pancoast"
"Alpha Deathclaw",6,"Creature - Lizard Mutant",BG,"pip","91",rare,null,Not Owned,Non-foil,mainboard,false,,,"Function: Interaction;Strict Blink: Payoff;Strict Power 4+: Enabler;Strict Power Matters: Enabler;Strict Ramp: Glue","",132431,false,false,"Daarken"
"Norman Osborn",2,"Legendary Creature - Human Scientist Villain",U,"spm","39",mythic,null,Not Owned,Non-foil,mainboard,false,,,"Function: Value;Strict Combat Damage: Enabler;Strict Counters: Enabler;Strict Discard: Enabler;Strict Draw: Enabler;Strict Graveyard Cast: Enabler;Strict Graveyard Cast: Payoff;Strict Graveyard Types: Enabler;Strict Humans: Enabler;Strict Reanimator: Enabler","",153315,false,false,"Scott M. Fischer"
"Dire Fleet Daredevil",2,"Creature - Human Pirate",R,"rix","99",rare,null,Not Owned,Non-foil,mainboard,false,,,"Function: Interaction;Strict Blink: Payoff;Strict Humans: Enabler;Strict Opponent Cards: Enabler","",66651,false,false,"Zoltan Boros"
"Culling Ritual",4,"Sorcery",BG,"stx","172",rare,null,Not Owned,Non-foil,mainboard,false,,,"Function: Interaction;Strict Noncreature: Enabler;Strict Ramp: Enabler","",88851,false,false,"Lorenzo Mastroianni"
"Kaldra Compleat",7,"Legendary Artifact - Equipment",,"mh2","227",mythic,null,Not Owned,Non-foil,mainboard,false,,,"Function: Interaction;Strict Artifacts: Enabler;Strict Equipment: Enabler;Strict Noncreature: Enabler;Strict Ramp: Glue","",90835,false,false,"Vincent Proce"
"Emrakul, the Aeons Torn",15,"Legendary Creature - Eldrazi",,"roe","4",mythic,null,Not Owned,Non-foil,mainboard,false,,,"Function: Interaction;Function: Value;Strict Power 4+: Enabler;Strict Power Matters: Enabler;Strict Ramp: Payoff","",36396,false,false,"Mark Tedin"
"Badlands",0,"Land - Swamp Mountain",,"lea","277",rare,null,Not Owned,Non-foil,mainboard,false,,,"Strict Five-Color Domain: Enabler","",-1,false,false,"Rob Alexander"
"Buster Sword",3,"Artifact - Equipment",,"fin","255",mythic,null,Not Owned,Non-foil,mainboard,false,,,"Function: Value;Strict Artifacts: Enabler;Strict Combat Damage: Enabler;Strict Draw: Enabler;Strict Equipment: Enabler;Strict Noncreature: Enabler","",141477,false,false,"Douzen"
"Dauntless Scrapbot",3,"Artifact Creature - Robot",,"eoe","237",uncommon,null,Not Owned,Non-foil,mainboard,false,,,"Function: Value;Strict Artifacts: Enabler;Strict Blink: Payoff;Strict Tokens: Enabler","",143087,false,false,"Alix Branwyn"
"Scrawling Crawler",3,"Artifact Creature - Phyrexian Construct",,"fdn","132",rare,null,Not Owned,Non-foil,mainboard,false,,,"Function: Value;Strict Artifacts: Enabler;Strict Draw: Enabler","",133832,false,false,"Miro Petrov"
"Solemn Simulacrum",4,"Artifact Creature - Golem",,"mrd","245",rare,null,Not Owned,Non-foil,mainboard,false,,,"Function: Value;Strict Artifacts: Enabler;Strict Blink: Payoff;Strict Dies: Payoff;Strict Draw: Enabler;Strict Five-Color Domain: Enabler;Strict Landfall: Enabler;Strict Ramp: Enabler","",20209,false,false,"Greg Staples"
"Chimil, the Inner Sun",6,"Legendary Artifact",,"lci","249",mythic,null,Not Owned,Non-foil,mainboard,false,,,"Function: Value;Strict Artifacts: Enabler;Strict Noncreature: Enabler;Strict Ramp: Glue","",118338,false,false,"Adam Paquette"
"Skullclamp",1,"Artifact - Equipment",,"dst","140",uncommon,null,Not Owned,Non-foil,mainboard,false,,,"Function: Value;Strict Artifacts: Enabler;Strict Dies: Payoff;Strict Draw: Enabler;Strict Equipment: Enabler;Strict Noncreature: Enabler","",20551,false,false,"Luca Zontini"
"Currency Converter",1,"Artifact",,"ncc","81",rare,null,Not Owned,Non-foil,mainboard,false,,,"Function: Value;Strict Artifacts: Enabler;Strict Discard: Enabler;Strict Discard: Payoff;Strict Draw: Enabler;Strict Graveyard Cast: Enabler;Strict Graveyard Types: Enabler;Strict Noncreature: Enabler;Strict Reanimator: Enabler;Strict Tokens: Enabler","",-1,false,false,"Sean Murray"
"Random Encounter",6,"Sorcery",R,"fin","150",uncommon,null,Not Owned,Non-foil,mainboard,false,,,"Function: Value;Strict Graveyard Cast: Enabler;Strict Graveyard Cast: Payoff;Strict Graveyard Types: Enabler;Strict Noncreature: Enabler;Strict Ramp: Glue;Strict Reanimator: Enabler","",141237,false,false,"Ben Wootten"
"Myr Convert",2,"Artifact Creature - Phyrexian Myr",,"one","234",uncommon,null,Not Owned,Non-foil,mainboard,false,,,"Strict Artifacts: Enabler;Strict Ramp: Enabler","",106683,false,false,"José Parodi"
"Temple Garden",0,"Land - Forest Plains",,"rav","284",rare,null,Not Owned,Non-foil,mainboard,false,,,"Strict Five-Color Domain: Enabler","",23594,false,false,"Rob Alexander"
"Coldsteel Heart",2,"Snow Artifact",,"csp","136",uncommon,null,Not Owned,Non-foil,mainboard,false,,,"Strict Artifacts: Enabler;Strict Noncreature: Enabler;Strict Ramp: Enabler","",24529,false,false,"Mark Romanoski"
"Rakdos Signet",2,"Artifact",,"dis","165",common,null,Not Owned,Non-foil,mainboard,false,,,"Strict Artifacts: Enabler;Strict Noncreature: Enabler;Strict Ramp: Enabler","",24045,false,false,"Greg Hildebrandt"
"Breeding Pool",0,"Land - Forest Island",,"dis","172",rare,null,Not Owned,Non-foil,mainboard,false,,,"Strict Five-Color Domain: Enabler","",24029,false,false,"Rob Alexander"
"Untimely Malfunction",2,"Instant",R,"dsk","161",uncommon,null,Not Owned,Non-foil,mainboard,false,,,"Function: Interaction;Strict Noncreature: Enabler","",130453,false,false,"Jarel Threat"
"Palantír of Orthanc",3,"Legendary Artifact",,"ltr","247",mythic,null,Not Owned,Non-foil,mainboard,false,,,"Function: Value;Strict Artifacts: Enabler;Strict Draw: Enabler;Strict Graveyard Cast: Enabler;Strict Graveyard Types: Enabler;Strict Noncreature: Enabler;Strict Reanimator: Enabler","",112404,false,false,"Tatiana Veryayskaya"
"Emeritus of Woe",4,"Creature - Vampire Warlock",B,"sos","80",mythic,null,Not Owned,Non-foil,mainboard,false,,,"Function: Value;Strict Blink: Payoff;Strict Dies: Payoff;Strict Power 4+: Enabler;Strict Power Matters: Enabler","",149659,false,false,"Jodie Muir"
"Summon: Bahamut",9,"Enchantment Creature - Saga Dragon",,"fin","1",mythic,null,Not Owned,Non-foil,mainboard,false,,,"Function: Interaction;Function: Value;Strict Blink: Payoff;Strict Damage: Enabler;Strict Draw: Enabler;Strict Enchantments: Enabler;Strict Power 4+: Enabler;Strict Power Matters: Enabler;Strict Ramp: Payoff","",140919,false,false,"Arif Wijaya"
"Iron Spider, Stark Upgrade",3,"Legendary Artifact Creature - Spider Hero",,"spm","166",rare,null,Not Owned,Non-foil,mainboard,false,,,"Function: Value;Strict Artifacts: Enabler;Strict Counters: Enabler;Strict Draw: Enabler","",153575,false,false,"Kevin Glint"
"Sensei's Divining Top",1,"Artifact",,"chk","268",uncommon,null,Not Owned,Non-foil,mainboard,false,,,"Function: Value;Strict Artifacts: Enabler;Strict Draw: Enabler;Strict Noncreature: Enabler","",21045,false,false,"Michael Sutfin"
"Ichor Wellspring",2,"Artifact",,"mbs","110",common,null,Not Owned,Non-foil,mainboard,false,,,"Function: Value;Strict Artifacts: Enabler;Strict Blink: Payoff;Strict Dies: Payoff;Strict Draw: Enabler;Strict Noncreature: Enabler","",39339,false,false,"Steven Belledin"
"Mana Crypt",0,"Artifact",,"ema","225",mythic,null,Not Owned,Non-foil,mainboard,false,,,"Strict Artifacts: Enabler;Strict Noncreature: Enabler;Strict Ramp: Enabler","",60697,false,false,"Matt Stewart"
"Agatha's Soul Cauldron",2,"Legendary Artifact",,"woe","242",mythic,null,Not Owned,Non-foil,mainboard,false,,,"Function: Interaction;Strict Artifacts: Enabler;Strict Counters: Enabler;Strict Noncreature: Enabler","",116872,false,false,"Jason A. Engle"
"Ornithopter of Paradise",2,"Artifact Creature - Thopter",,"mh2","232",common,null,Not Owned,Non-foil,mainboard,false,,,"Strict Artifacts: Enabler;Strict Five-Color Domain: Glue;Strict Ramp: Enabler","",90845,false,false,"Raoul Vitale"
"City of Brass",0,"Land",,"arn","71",uncommon,null,Not Owned,Non-foil,mainboard,false,,,"Strict Five-Color Domain: Glue","",-1,false,false,"Mark Tedin"
"Relic of Sauron",4,"Artifact",,"ltc","79",rare,null,Not Owned,Non-foil,mainboard,false,,,"Function: Value;Strict Artifacts: Enabler;Strict Discard: Enabler;Strict Draw: Enabler;Strict Graveyard Cast: Enabler;Strict Graveyard Types: Enabler;Strict Noncreature: Enabler;Strict Ramp: Enabler;Strict Reanimator: Enabler","",113190,false,false,"Anton Solovianchyk"
"Sword of Feast and Famine",3,"Artifact - Equipment",,"mbs","138",mythic,null,Not Owned,Non-foil,mainboard,false,,,"Strict Artifacts: Enabler;Strict Combat Damage: Enabler;Strict Equipment: Enabler;Strict Noncreature: Enabler","",39549,false,false,"Chris Rahn"
"Sword of Hearth and Home",3,"Artifact - Equipment",,"mh2","238",mythic,null,Not Owned,Non-foil,mainboard,false,,,"Function: Value;Strict Artifacts: Enabler;Strict Combat Damage: Enabler;Strict Equipment: Enabler;Strict Noncreature: Enabler","",90857,false,false,"Chris Rahn"
"Nettlecyst",3,"Artifact - Equipment",,"mh2","231",rare,null,Not Owned,Non-foil,mainboard,false,,,"Strict Artifacts: Enabler;Strict Artifacts: Payoff;Strict Equipment: Enabler;Strict Noncreature: Enabler","",90843,false,false,"Vincent Proce"
"Purphoros, God of the Forge",4,"Legendary Enchantment Creature - God",R,"ths","135",mythic,null,Not Owned,Non-foil,mainboard,false,,,"Strict Blink: Payoff;Strict Damage: Enabler;Strict Enchantments: Enabler;Strict Power 4+: Enabler;Strict Power Matters: Enabler","",50312,false,false,"Eric Deschamps"
"Zagoth Triome",0,"Land - Swamp Forest Island",,"iko","259",rare,null,Not Owned,Non-foil,mainboard,false,,,"Function: Value;Strict Discard: Enabler;Strict Five-Color Domain: Enabler;Strict Graveyard Cast: Enabler;Strict Graveyard Types: Enabler;Strict Reanimator: Enabler","",80527,false,false,"Eytan Zana"
"Smuggler's Copter",2,"Artifact - Vehicle",,"kld","235",rare,null,Not Owned,Non-foil,mainboard,false,,,"Function: Value;Strict Artifacts: Enabler;Strict Attack: Enabler;Strict Discard: Enabler;Strict Draw: Enabler;Strict Graveyard Cast: Enabler;Strict Graveyard Types: Enabler;Strict Noncreature: Enabler;Strict Reanimator: Enabler","",61797,false,false,"Florian de Gesincourt"
"Overlord of the Hauntwoods",5,"Enchantment Creature - Avatar Horror",G,"dsk","194",mythic,null,Not Owned,Non-foil,mainboard,false,,,"Function: Value;Strict Attack: Enabler;Strict Blink: Payoff;Strict Enchantments: Enabler;Strict Five-Color Domain: Enabler;Strict Power 4+: Enabler;Strict Power Matters: Enabler;Strict Tokens: Enabler","",130519,false,false,"Tiffany Turrill"
"Valgavoth's Lair",0,"Enchantment Land",,"dsk","271",rare,null,Not Owned,Non-foil,mainboard,false,,,"Strict Enchantments: Enabler","",130673,false,false,"Martin de Diego Sádaba"
"Revitalizing Repast",1,"Instant",BG,"mh3","256",uncommon,null,Not Owned,Non-foil,mainboard,false,,,"Strict Counters: Enabler;Strict Noncreature: Enabler","",126569,false,false,"Raoul Vitale"
"Opulent Palace",0,"Land",,"ktk","238",uncommon,null,Not Owned,Non-foil,mainboard,false,,,"","",54164,false,false,"Adam Paquette"
"Special Move",3,"Instant",R,"tmc","26",rare,null,Not Owned,Non-foil,mainboard,false,,,"Function: Interaction;Strict Counters: Enabler;Strict Damage: Enabler;Strict Noncreature: Enabler;Strict Power Matters: Payoff","",147381,false,false,"Victor Maury"
"Legion Leadership",2,"Instant",RW,"mh3","255",uncommon,null,Not Owned,Non-foil,mainboard,false,,,"Strict Noncreature: Enabler;Strict Power Matters: Payoff","",126565,false,false,"Ryan Valle"
"Susur Secundi, Void Altar",0,"Land - Planet",,"eoe","259",mythic,null,Not Owned,Non-foil,mainboard,false,,,"Function: Value;Strict Dies: Enabler;Strict Graveyard Cast: Enabler;Strict Graveyard Types: Enabler;Strict Power Matters: Payoff;Strict Reanimator: Enabler;Strict Sacrifice: Enabler","",143131,false,false,"Adam Paquette"
"Creeping Tar Pit",0,"Land",,"wwk","134",rare,null,Not Owned,Non-foil,mainboard,false,,,"","",35657,false,false,"Jason Felix"
"Glasswing Grace",5,"Enchantment - Aura",BW,"mh3","254",uncommon,null,Not Owned,Non-foil,mainboard,false,,,"Strict Enchantments: Enabler;Strict Noncreature: Enabler","",126561,false,false,"Craig Elliott & Maxime Minard"
"Arcane Sanctum",0,"Land",,"ala","220",uncommon,null,Not Owned,Non-foil,mainboard,false,,,"","",31205,false,false,"Anthony Francisco"
"Stump Stomp",2,"Sorcery",GR,"mh3","259",uncommon,null,Not Owned,Non-foil,mainboard,false,,,"Function: Interaction;Strict Damage: Enabler;Strict Noncreature: Enabler;Strict Power Matters: Payoff","",126581,false,false,"Volkan Baǵa"
"Bala Ged Recovery",3,"Sorcery",G,"znr","180",uncommon,null,Not Owned,Non-foil,mainboard,false,,,"Function: Value;Strict Noncreature: Enabler","",83343,false,false,"Lucas Staniec"
"Midgar, City of Mako",0,"Land - Town",,"fin","286",rare,null,Not Owned,Non-foil,mainboard,false,,,"Function: Value;Strict Dies: Enabler;Strict Draw: Enabler;Strict Sacrifice: Enabler","",141547,false,false,"Anthony Devine"
"Serra's Sanctum",0,"Legendary Land",,"usg","325",rare,null,Not Owned,Non-foil,mainboard,false,,,"","",11893,false,false,"Ciruelo"
"Mana Confluence",0,"Land",,"jou","163",rare,null,Not Owned,Non-foil,mainboard,false,,,"","",52120,false,false,"Richard Wright"
"Phyrexian Tower",0,"Legendary Land",,"usg","322",rare,null,Not Owned,Non-foil,mainboard,false,,,"Strict Dies: Enabler;Strict Graveyard Cast: Enabler;Strict Graveyard Types: Enabler;Strict Reanimator: Enabler;Strict Sacrifice: Enabler","",11961,false,false,"Chippy"
"Mystic Monastery",0,"Land",,"ddn","73",uncommon,null,Not Owned,Non-foil,mainboard,false,,,"","",-1,false,false,"Florian de Gesincourt"
"Strength of the Harvest",3,"Enchantment - Aura",GW,"mh3","258",uncommon,null,Not Owned,Non-foil,mainboard,false,,,"Strict Enchantments: Enabler;Strict Noncreature: Enabler","",126577,false,false,"Paolo Parente"
"Raucous Theater",0,"Land - Swamp Mountain",,"mkm","266",rare,null,Not Owned,Non-foil,mainboard,false,,,"Strict Five-Color Domain: Enabler","",122024,false,false,"Sergey Glushakov"
"Boseiju, Who Endures",0,"Legendary Land",,"neo","266",rare,null,Not Owned,Non-foil,mainboard,false,,,"Function: Interaction","",97482,false,false,"Chris Ostrowski"
"Strip Mine",0,"Land",,"atq","82a",uncommon,null,Not Owned,Non-foil,mainboard,false,,,"Function: Interaction","",-1,false,false,"Daniel Gelon"
"Raffine's Tower",0,"Land - Plains Island Swamp",,"snc","254",rare,null,Not Owned,Non-foil,mainboard,false,,,"Function: Value;Strict Discard: Enabler;Strict Five-Color Domain: Enabler;Strict Graveyard Cast: Enabler;Strict Graveyard Types: Enabler;Strict Reanimator: Enabler","",98727,false,false,"Sam White"
"Ziatora's Proving Ground",0,"Land - Swamp Mountain Forest",,"snc","261",rare,null,Not Owned,Non-foil,mainboard,false,,,"Function: Value;Strict Discard: Enabler;Strict Five-Color Domain: Enabler;Strict Graveyard Cast: Enabler;Strict Graveyard Types: Enabler;Strict Reanimator: Enabler","",98741,false,false,"Viko Menezes"
"Ketria Triome",0,"Land - Forest Island Mountain",,"iko","250",rare,null,Not Owned,Non-foil,mainboard,false,,,"Function: Value;Strict Discard: Enabler;Strict Five-Color Domain: Enabler;Strict Graveyard Cast: Enabler;Strict Graveyard Types: Enabler;Strict Reanimator: Enabler","",80509,false,false,"Sam Burley"
"Jetmir's Garden",0,"Land - Mountain Forest Plains",,"snc","250",rare,null,Not Owned,Non-foil,mainboard,false,,,"Function: Value;Strict Discard: Enabler;Strict Five-Color Domain: Enabler;Strict Graveyard Cast: Enabler;Strict Graveyard Types: Enabler;Strict Reanimator: Enabler","",98719,false,false,"Kasia 'Kafis' Zielińska"
"Zagoth Triome",0,"Land - Swamp Forest Island",,"iko","259",rare,null,Not Owned,Non-foil,mainboard,false,,,"Function: Value;Strict Discard: Enabler;Strict Five-Color Domain: Enabler;Strict Graveyard Cast: Enabler;Strict Graveyard Types: Enabler;Strict Reanimator: Enabler","",80527,false,false,"Eytan Zana"
"Spara's Headquarters",0,"Land - Forest Plains Island",,"snc","257",rare,null,Not Owned,Non-foil,mainboard,false,,,"Function: Value;Strict Discard: Enabler;Strict Five-Color Domain: Enabler;Strict Graveyard Cast: Enabler;Strict Graveyard Types: Enabler;Strict Reanimator: Enabler","",98733,false,false,"Kieran Yanner"
"Xander's Lounge",0,"Land - Island Swamp Mountain",,"snc","260",rare,null,Not Owned,Non-foil,mainboard,false,,,"Function: Value;Strict Discard: Enabler;Strict Five-Color Domain: Enabler;Strict Graveyard Cast: Enabler;Strict Graveyard Types: Enabler;Strict Reanimator: Enabler","",98739,false,false,"James Paick"
"Volcanic Island",0,"Land - Island Mountain",,"leb","287",rare,null,Not Owned,Non-foil,mainboard,false,,,"Strict Five-Color Domain: Enabler","",-1,false,false,"Brian Snõddy"
"Hedge Maze",0,"Land - Forest Island",,"mkm","262",rare,null,Not Owned,Non-foil,mainboard,false,,,"Strict Five-Color Domain: Enabler","",122016,false,false,"Andrew Mar"
"Sacred Foundry",0,"Land - Mountain Plains",,"rav","280",rare,null,Not Owned,Non-foil,mainboard,false,,,"Strict Five-Color Domain: Enabler","",23590,false,false,"Rob Alexander"
"Savannah",0,"Land - Forest Plains",,"lea","280",rare,null,Not Owned,Non-foil,mainboard,false,,,"Strict Five-Color Domain: Enabler","",-1,false,false,"Rob Alexander"
"Underground Mortuary",0,"Land - Swamp Forest",,"mkm","271",rare,null,Not Owned,Non-foil,mainboard,false,,,"Strict Five-Color Domain: Enabler","",122034,false,false,"Sergey Glushakov"
"Watery Grave",0,"Land - Island Swamp",,"rav","286",rare,null,Not Owned,Non-foil,mainboard,false,,,"Strict Five-Color Domain: Enabler","",23586,false,false,"Rob Alexander"
"Scrubland",0,"Land - Plains Swamp",,"lea","281",rare,null,Not Owned,Non-foil,mainboard,false,,,"Strict Five-Color Domain: Enabler","",-1,false,false,"Jesper Myrfors"
"Marsh Flats",0,"Land",,"zen","219",rare,null,Not Owned,Non-foil,mainboard,false,,,"Function: Value","",34646,false,false,"Izzy"
"Scalding Tarn",0,"Land",,"zen","223",rare,null,Not Owned,Non-foil,mainboard,false,,,"Function: Value","",34590,false,false,"Philip Straub"
"Polluted Delta",0,"Land",,"ons","321",rare,null,Not Owned,Non-foil,mainboard,false,,,"Function: Value;Strict Five-Color Domain: Enabler","",18247,false,false,"Rob Alexander"
"Bloodstained Mire",0,"Land",,"ons","313",rare,null,Not Owned,Non-foil,mainboard,false,,,"Function: Value;Strict Five-Color Domain: Enabler","",18249,false,false,"Rob Alexander"
"Windswept Heath",0,"Land",,"mh3","360",rare,null,Not Owned,Foil,mainboard,false,,,"Function: Value;Strict Five-Color Domain: Enabler","",125777,false,false,"Samuele Bandini"
"Wooded Foothills",0,"Land",,"ons","330",rare,null,Not Owned,Non-foil,mainboard,false,,,"Function: Value;Strict Five-Color Domain: Enabler","",18251,false,false,"Rob Alexander"
"Flooded Strand",0,"Land",,"ons","316",rare,null,Not Owned,Non-foil,mainboard,false,,,"Function: Value;Strict Five-Color Domain: Enabler;Strict Landfall: Enabler","",18245,false,false,"Rob Alexander"
"Misty Rainforest",0,"Land",,"zen","220",rare,null,Not Owned,Non-foil,mainboard,false,,,"Function: Value;Strict Landfall: Enabler","",34622,false,false,"Shelly Wan"
"Arid Mesa",0,"Land",,"zen","211",rare,null,Not Owned,Non-foil,mainboard,false,,,"Function: Value","",34414,false,false,"Raymond Swanland"
"Verdant Catacombs",0,"Land",,"zen","229",rare,null,Not Owned,Non-foil,mainboard,false,,,"Function: Value","",34704,false,false,"Vance Kovacs"
"Tranquil Landscape",0,"Land",,"mh3","231",common,null,Not Owned,Non-foil,mainboard,false,,,"Function: Value;Strict Discard: Enabler;Strict Five-Color Domain: Enabler;Strict Graveyard Cast: Enabler;Strict Graveyard Types: Enabler;Strict Landfall: Enabler;Strict Reanimator: Enabler","",126481,false,false,"Randy Gallegos"
"Perilous Landscape",0,"Land",,"mh3","223",common,null,Not Owned,Non-foil,mainboard,false,,,"Function: Value;Strict Discard: Enabler;Strict Graveyard Cast: Enabler;Strict Graveyard Types: Enabler;Strict Reanimator: Enabler","",126465,false,false,"Alayna Danner"
"Twisted Landscape",0,"Land",,"mh3","232",common,null,Not Owned,Non-foil,mainboard,false,,,"Function: Value;Strict Discard: Enabler;Strict Five-Color Domain: Enabler;Strict Graveyard Cast: Enabler;Strict Graveyard Types: Enabler;Strict Reanimator: Enabler","",126483,false,false,"Piotr Dura"
"Contaminated Landscape",0,"Land",,"mh3","218",common,null,Not Owned,Non-foil,mainboard,false,,,"Function: Value;Strict Discard: Enabler;Strict Five-Color Domain: Enabler;Strict Graveyard Cast: Enabler;Strict Graveyard Types: Enabler;Strict Reanimator: Enabler","",126455,false,false,"Donato Giancola"
"Sheltering Landscape",0,"Land",,"mh3","227",common,null,Not Owned,Non-foil,mainboard,false,,,"Function: Value;Strict Discard: Enabler;Strict Five-Color Domain: Enabler;Strict Graveyard Cast: Enabler;Strict Graveyard Types: Enabler;Strict Reanimator: Enabler","",126473,false,false,"Erikas Perl"
"Bountiful Landscape",0,"Land",,"mh3","217",common,null,Not Owned,Non-foil,mainboard,false,,,"Function: Value;Strict Discard: Enabler;Strict Graveyard Cast: Enabler;Strict Graveyard Types: Enabler;Strict Reanimator: Enabler","",126453,false,false,"Mark Poole"
"Seething Landscape",0,"Land",,"mh3","225",common,null,Not Owned,Non-foil,mainboard,false,,,"Function: Value;Strict Discard: Enabler;Strict Five-Color Domain: Enabler;Strict Graveyard Cast: Enabler;Strict Graveyard Types: Enabler;Strict Reanimator: Enabler","",126469,false,false,"Piotr Dura"
"Shattered Landscape",0,"Land",,"mh3","226",common,null,Not Owned,Non-foil,mainboard,false,,,"Function: Value;Strict Discard: Enabler;Strict Graveyard Cast: Enabler;Strict Graveyard Types: Enabler;Strict Reanimator: Enabler","",126471,false,false,"Erikas Perl"
"Deceptive Landscape",0,"Land",,"mh3","219",common,null,Not Owned,Non-foil,mainboard,false,,,"Function: Value;Strict Discard: Enabler;Strict Graveyard Cast: Enabler;Strict Graveyard Types: Enabler;Strict Reanimator: Enabler","",126457,false,false,"Erikas Perl"
"Dig Through Time",8,"Instant",U,"ktk","36",rare,null,Not Owned,Non-foil,mainboard,false,,,"Function: Value;Strict Noncreature: Enabler","",54316,false,false,"Ryan Yee"
"Chrome Host Seedshark",3,"Creature - Phyrexian Shark",U,"mom","51",rare,null,Not Owned,Non-foil,mainboard,false,,,"Strict Noncreature: Payoff","",109916,false,false,"Donato Giancola"
"Ojer Axonil, Deepest Might",4,"Legendary Creature - God",R,"lci","158",mythic,null,Not Owned,Non-foil,mainboard,false,,,"Strict Damage: Enabler;Strict Damage: Payoff;Strict Dies: Payoff;Strict Power 4+: Enabler;Strict Power Matters: Enabler;Strict Ramp: Enabler","",118136,false,false,"Victor Adame Minguez"
"Vivi Ornitier",3,"Legendary Creature - Wizard",RU,"fin","248",mythic,null,Not Owned,Non-foil,mainboard,false,,,"Strict Counters: Enabler;Strict Damage: Enabler;Strict Noncreature: Payoff;Strict Ramp: Enabler","",141463,false,false,"Toni Infante"
"Jacked Rabbit",2,"Creature - Rabbit Warrior",W,"blc","9",rare,null,Not Owned,Non-foil,mainboard,false,,,"Function: Value;Strict Attack: Enabler;Strict Power Matters: Payoff;Strict Tokens: Enabler","",128917,false,false,"Scott Murphy"
"Arachne, Psionic Weaver",3,"Legendary Creature - Spider Human Hero",W,"spm","2",rare,null,Not Owned,Non-foil,mainboard,false,,,"Function: Interaction;Strict Humans: Enabler;Strict Taxes: Enabler","",153237,false,false,"Steve Argyle"
"Steam Vents",0,"Land - Island Mountain",,"gpt","164",rare,null,Not Owned,Non-foil,mainboard,false,,,"Strict Five-Color Domain: Enabler","",23739,false,false,"Rob Alexander"
"Grim Monolith",2,"Artifact",,"ulg","126",rare,null,Not Owned,Non-foil,mainboard,false,,,"Strict Artifacts: Enabler;Strict Noncreature: Enabler;Strict Ramp: Enabler","",12551,false,false,"Chippy"
"Lightstall Inquisitor",1,"Creature - Angel Wizard",W,"eoe","24",rare,null,Not Owned,Non-foil,mainboard,false,,,"Strict Blink: Payoff","",142661,false,false,"Arif Wijaya"
"Mycosynth Wellspring",2,"Artifact",,"nph","145",common,null,Not Owned,Non-foil,mainboard,false,,,"Function: Value;Strict Artifacts: Enabler;Strict Blink: Payoff;Strict Dies: Payoff;Strict Noncreature: Enabler","",39830,false,false,"David Rapoza"
"Skrelv, Defector Mite",1,"Legendary Artifact Creature - Phyrexian Mite",W,"one","33",rare,null,Not Owned,Non-foil,mainboard,false,,,"Strict Artifacts: Enabler","",106281,false,false,"Brian Valeza"
"Guide of Souls",1,"Creature - Human Cleric",W,"mh3","29",rare,null,Not Owned,Non-foil,mainboard,false,,,"Strict Blink: Payoff;Strict Counters: Enabler;Strict Humans: Enabler;Strict Lifegain: Enabler","",126075,false,false,"Ryan Valle"
"Clarion Conqueror",3,"Creature - Dragon",W,"tdm","5",rare,null,Not Owned,Non-foil,mainboard,false,,,"","",138953,false,false,"Nathaniel Himawan"
"Donatello, the Brains",3,"Legendary Creature - Mutant Ninja Turtle",U,"tmc","2",mythic,null,Not Owned,Non-foil,mainboard,false,,,"Strict Tokens: Payoff","",147333,false,false,"Jason Rainville"
"Godless Shrine",0,"Land - Plains Swamp",,"gpt","157",rare,null,Not Owned,Non-foil,mainboard,false,,,"Strict Five-Color Domain: Enabler","",23755,false,false,"Rob Alexander"
"Oviya, Automech Artisan",4,"Legendary Creature - Human Artificer",G,"dft","173",rare,null,Not Owned,Non-foil,mainboard,false,,,"Strict Counters: Enabler;Strict Humans: Enabler","",136469,false,false,"Julia Metzger"
"Cathar Commando",2,"Creature - Human Soldier",W,"mid","10",common,null,Not Owned,Non-foil,mainboard,false,,,"Function: Interaction;Strict Humans: Enabler","",92942,false,false,"Evyn Fong"
"Vial Smasher the Fierce",3,"Legendary Creature - Goblin Berserker",BR,"c16","49",mythic,null,Not Owned,Non-foil,mainboard,false,,,"Function: Interaction;Strict Damage: Enabler","",-1,false,false,"Deruchenko Alexander"
"Animate Dead",2,"Enchantment - Aura",B,"lea","92",uncommon,null,Not Owned,Non-foil,mainboard,false,,,"Function: Value;Strict Blink: Payoff;Strict Enchantments: Enabler;Strict Noncreature: Enabler","",-1,false,false,"Anson Maddocks"
"Dance of the Dead",2,"Enchantment - Aura",B,"ice","118",uncommon,null,Not Owned,Non-foil,mainboard,false,,,"Function: Value;Strict Blink: Payoff;Strict Enchantments: Enabler;Strict Noncreature: Enabler","",-1,false,false,"Randy Gallegos"
"Refurbished Familiar",4,"Artifact Creature - Zombie Rat",B,"mh3","105",common,null,Not Owned,Non-foil,mainboard,false,,,"Function: Value;Strict Artifacts: Enabler;Strict Artifacts: Payoff;Strict Blink: Payoff;Strict Draw: Enabler","",126227,false,false,"Steve Ellis"
"Ancient Tomb",0,"Land",,"tmp","315",uncommon,null,Not Owned,Non-foil,mainboard,false,,,"","",10043,false,false,"Colin MacNeil"
"Damn",2,"Sorcery",B,"mh2","80",rare,null,Not Owned,Non-foil,mainboard,false,,,"Function: Interaction;Strict Noncreature: Enabler","",90533,false,false,"Lucas Graciano"
"Fanatic of Rhonas",2,"Creature - Snake Druid",G,"mh3","152",rare,null,Not Owned,Non-foil,mainboard,false,,,"Strict Power 4+: Payoff;Strict Ramp: Enabler","",126321,false,false,"Scott Murphy"
"Thief of Sanity",3,"Creature - Specter",BU,"grn","205",rare,null,Not Owned,Non-foil,mainboard,false,,,"Function: Value;Strict Combat Damage: Enabler;Strict Opponent Cards: Enabler","",69783,false,false,"Igor Kieryluk"
"Overlord of the Floodpits",5,"Enchantment Creature - Avatar Horror",U,"dsk","68",mythic,null,Not Owned,Non-foil,mainboard,false,,,"Function: Value;Strict Attack: Enabler;Strict Blink: Payoff;Strict Discard: Enabler;Strict Draw: Enabler;Strict Enchantments: Enabler;Strict Graveyard Cast: Enabler;Strict Graveyard Types: Enabler;Strict Power 4+: Enabler;Strict Power Matters: Enabler;Strict Reanimator: Enabler","",130267,false,false,"Abz J Harding"
"Shiko, Paragon of the Way",5,"Legendary Creature - Spirit Dragon",RUW,"tdm","223",mythic,null,Not Owned,Non-foil,mainboard,false,,,"Function: Interaction;Strict Blink: Payoff;Strict Power 4+: Enabler;Strict Power Matters: Enabler","",139411,false,false,"Victor Adame Minguez"
"Trumpeting Carnosaur",6,"Creature - Dinosaur",R,"lci","171",rare,null,Not Owned,Non-foil,mainboard,false,,,"Function: Interaction;Function: Value;Strict Blink: Payoff;Strict Damage: Enabler;Strict Power 4+: Enabler;Strict Power Matters: Enabler","",118166,false,false,"Lars Grant-West"
"Stock Up",3,"Sorcery",U,"dft","67",uncommon,null,Not Owned,Non-foil,mainboard,false,,,"Function: Value;Strict Noncreature: Enabler","",136257,false,false,"Izzy"
"Riptide Gearhulk",5,"Artifact Creature - Construct",UW,"dft","219",mythic,null,Not Owned,Non-foil,mainboard,false,,,"Function: Interaction;Strict Artifacts: Enabler;Strict Blink: Payoff;Strict Noncreature: Payoff","",136561,false,false,"Artur Nakhodkin"
"Agate Instigator",2,"Creature - Lizard Rogue",R,"blc","21",rare,null,Not Owned,Non-foil,mainboard,false,,,"Function: Value;Strict Blink: Payoff;Strict Damage: Enabler","",128941,false,false,"Quintin Gleim"
"Emperor of Bones",2,"Creature - Skeleton Noble",B,"mh3","90",rare,null,Not Owned,Non-foil,mainboard,false,,,"Function: Value;Strict Counters: Enabler","",126197,false,false,"Josh Hass"
"Crabomination",6,"Creature - Crab Demon",B,"mh3","85",rare,null,Not Owned,Non-foil,mainboard,false,,,"Function: Value;Strict Blink: Payoff;Strict Opponent Cards: Enabler;Strict Power 4+: Enabler;Strict Power Matters: Enabler","",126187,false,false,"Nicholas Gregory"
"Serra Paragon",4,"Creature - Angel",W,"dmu","32",mythic,null,Not Owned,Non-foil,mainboard,false,,,"Function: Value;Strict Dies: Payoff;Strict Graveyard Cast: Payoff;Strict Lifegain: Enabler","",102540,false,false,"Heonhwa"
"H.E.R.B.I.E., Lovable Robot",2,"Legendary Artifact Creature - Robot Scout",,"msc","106",rare,null,Not Owned,Non-foil,mainboard,false,,,"Strict Artifacts: Enabler;Strict Five-Color Domain: Glue;Strict Noncreature: Payoff;Strict Ramp: Enabler","",150651,false,false,"Nanna Marie Steffensen"
"Complicate",3,"Instant",U,"ons","76",uncommon,null,Not Owned,Non-foil,mainboard,false,,,"Function: Interaction;Function: Value;Strict Discard: Enabler;Strict Graveyard Cast: Enabler;Strict Graveyard Types: Enabler;Strict Noncreature: Enabler;Strict Reanimator: Enabler","",17849,false,false,"Scott M. Fischer"
"Chrome Mox",0,"Artifact",,"mrd","152",rare,null,Not Owned,Non-foil,mainboard,false,,,"Strict Artifacts: Enabler;Strict Blink: Payoff;Strict Noncreature: Enabler;Strict Ramp: Enabler","",19831,false,false,"Donato Giancola"
"Ghalta, Primal Hunger",12,"Legendary Creature - Elder Dinosaur",G,"rix","130",rare,null,Not Owned,Non-foil,mainboard,false,,,"Strict Power 4+: Enabler;Strict Power Matters: Enabler;Strict Power Matters: Payoff","",66713,false,false,"Chase Stone"
"Old One Eye",6,"Legendary Creature - Tyranid",G,"40k","96",rare,null,Not Owned,Non-foil,mainboard,false,,,"Function: Value;Strict Blink: Payoff;Strict Discard: Enabler;Strict Graveyard Cast: Enabler;Strict Graveyard Types: Enabler;Strict Power 4+: Enabler;Strict Power Matters: Enabler;Strict Ramp: Glue;Strict Reanimator: Enabler;Strict Tokens: Enabler","",108664,false,false,"Mathias Kollros"
"The Great Henge",9,"Legendary Artifact",G,"eld","161",mythic,null,Not Owned,Non-foil,mainboard,false,,,"Function: Value;Strict Artifacts: Enabler;Strict Blink: Payoff;Strict Counters: Enabler;Strict Draw: Enabler;Strict Lifegain: Enabler;Strict Noncreature: Enabler;Strict Power Matters: Payoff;Strict Ramp: Enabler","",78460,false,false,"Adam Paquette"
"Elder Gargaroth",5,"Creature - Beast",G,"m21","179",mythic,null,Not Owned,Non-foil,mainboard,false,,,"Function: Value;Strict Attack: Enabler;Strict Draw: Enabler;Strict Lifegain: Enabler;Strict Power 4+: Enabler;Strict Power Matters: Enabler;Strict Tokens: Enabler","",81585,false,false,"Nicholas Gregory"
"Evolution Witness",3,"Creature - Elf Shaman Mutant",G,"mh3","151",common,null,Not Owned,Non-foil,mainboard,false,,,"Function: Value;Strict Counters: Enabler","",126319,false,false,"Nereida"
"Wall of Blossoms",2,"Creature - Plant Wall",G,"sth","125",uncommon,null,Not Owned,Non-foil,mainboard,false,,,"Function: Value;Strict Blink: Payoff;Strict Draw: Enabler","",10433,false,false,"Heather Hudson"
"Ursine Monstrosity",3,"Creature - Bear Mutant",G,"dsc","36",rare,null,Not Owned,Non-foil,mainboard,false,,,"Strict Graveyard Cast: Enabler;Strict Graveyard Types: Enabler;Strict Reanimator: Enabler","",131393,false,false,"Carlos Palma Cruchaga"
"Shigeki, Jukai Visionary",2,"Legendary Enchantment Creature - Snake Druid",G,"neo","206",rare,null,Not Owned,Non-foil,mainboard,false,,,"Function: Interaction;Function: Value;Strict Enchantments: Enabler;Strict Landfall: Enabler","",97354,false,false,"Anna Podedworna"
"Utopia Sprawl",1,"Enchantment - Aura",G,"dis","99",common,null,Not Owned,Non-foil,mainboard,false,,,"Strict Enchantments: Enabler;Strict Noncreature: Enabler","",24297,false,false,"Ron Spears"
"Mox Diamond",0,"Artifact",,"sth","138",rare,null,Not Owned,Non-foil,mainboard,false,,,"Strict Artifacts: Enabler;Strict Five-Color Domain: Glue;Strict Noncreature: Enabler;Strict Ramp: Enabler","",10325,false,false,"Dan Frazier"
"Sire of Seven Deaths",7,"Creature - Eldrazi",,"fdn","1",mythic,null,Not Owned,Non-foil,mainboard,false,,,"Strict Lifegain: Enabler;Strict Power 4+: Enabler;Strict Power Matters: Enabler;Strict Ramp: Glue","",133570,false,false,"Lius Lasahido"
"Deep-Cavern Bat",2,"Creature - Bat",B,"lci","102",uncommon,null,Not Owned,Non-foil,mainboard,false,,,"Function: Interaction;Strict Blink: Payoff;Strict Lifegain: Enabler","",118008,false,false,"Campbell White"
"Grave Researcher",3,"Creature - Troll Warlock",B,"sos","85",rare,null,Not Owned,Non-foil,mainboard,false,,,"Function: Value;Strict Reanimator: Payoff","",149669,false,false,"Izzy"
"Cloak and Dagger",2,"Kindred Artifact - Rogue Equipment",,"mor","141",uncommon,null,Not Owned,Non-foil,mainboard,false,,,"Strict Artifacts: Enabler;Strict Blink: Payoff;Strict Equipment: Enabler;Strict Noncreature: Enabler","",29022,false,false,"Daren Bader"
"Yarok, the Desecrated",5,"Legendary Creature - Elemental Horror",BGU,"m20","220",mythic,null,Not Owned,Non-foil,mainboard,false,,,"Strict Blink: Payoff;Strict Lifegain: Enabler","",73339,false,false,"Daarken"
"All-Fates Stalker",4,"Creature - Drix Assassin",W,"eoe","3",uncommon,null,Not Owned,Non-foil,mainboard,false,,,"Function: Interaction;Strict Blink: Payoff","",142619,false,false,"Lius Lasahido"
"Sokenzan Smelter",2,"Creature - Goblin Artificer",R,"neo","164",uncommon,null,Not Owned,Non-foil,mainboard,false,,,"Function: Value;Strict Artifacts: Payoff;Strict Tokens: Enabler","",97262,false,false,"Svetlin Velinov"
"Trygon Predator",3,"Creature - Beast",GU,"dis","133",uncommon,null,Not Owned,Non-foil,mainboard,false,,,"Function: Interaction;Strict Combat Damage: Enabler","",24071,false,false,"Carl Critchlow"
"Dubious Delicacy",3,"Artifact - Food",B,"eoe","96",uncommon,null,Not Owned,Non-foil,mainboard,false,,,"Function: Interaction;Strict Artifacts: Enabler;Strict Blink: Payoff;Strict Lifegain: Enabler;Strict Noncreature: Enabler","",142805,false,false,"Tianxing Xu"
"Agonasaur Rex",5,"Creature - Dinosaur",G,"dft","151",rare,null,Not Owned,Non-foil,mainboard,false,,,"Function: Value;Strict Counters: Enabler;Strict Discard: Enabler;Strict Graveyard Cast: Enabler;Strict Graveyard Types: Enabler;Strict Power 4+: Enabler;Strict Power Matters: Enabler;Strict Reanimator: Enabler","",136425,false,false,"Lucas Graciano"
"Blightsteel Colossus",12,"Artifact Creature - Phyrexian Golem",,"mbs","99",mythic,null,Not Owned,Non-foil,mainboard,false,,,"Function: Value;Strict Artifacts: Enabler;Strict Power 4+: Enabler;Strict Power Matters: Enabler;Strict Ramp: Payoff","",39587,false,false,"Chris Rahn"
"Chaos Defiler",5,"Artifact Creature - Demon Construct",BR,"40k","110",rare,null,Not Owned,Non-foil,mainboard,false,,,"Function: Interaction;Strict Artifacts: Enabler;Strict Blink: Payoff;Strict Dies: Payoff;Strict Power 4+: Enabler;Strict Power Matters: Enabler","",108692,false,false,"Games Workshop"
"Astrologian's Planisphere",2,"Artifact - Equipment",U,"fin","46",rare,null,Not Owned,Non-foil,mainboard,false,,,"Strict Artifacts: Enabler;Strict Counters: Enabler;Strict Equipment: Enabler;Strict Noncreature: Enabler;Strict Noncreature: Payoff","",141017,false,false,"Josephine Chang"
"Temporal Mastery",7,"Sorcery",U,"avr","81",mythic,null,Not Owned,Non-foil,mainboard,false,,,"Strict Noncreature: Enabler","",44047,false,false,"Franz Vohwinkel"
"Fanatical Offering",2,"Instant",B,"lci","105",common,null,Not Owned,Non-foil,mainboard,false,,,"Function: Value;Strict Artifacts: Enabler;Strict Dies: Enabler;Strict Draw: Enabler;Strict Noncreature: Enabler;Strict Sacrifice: Enabler;Strict Tokens: Enabler","",118014,false,false,"Raluca Marinescu"
"Brago, King Eternal",4,"Legendary Creature - Spirit Noble",UW,"cns","41",rare,null,Not Owned,Non-foil,mainboard,false,,,"Strict Blink: Enabler;Strict Combat Damage: Enabler","",-1,false,false,"Karla Ortiz"
"Urban Retreat",0,"Land",,"spm","187",rare,null,Not Owned,Non-foil,mainboard,false,,,"Function: Interaction","",153617,false,false,"Jonas De Ro"
"Arthur, Marigold Knight",5,"Legendary Creature - Mouse Knight",RUW,"blc","5",mythic,null,Not Owned,Non-foil,mainboard,false,,,"Function: Interaction;Function: Value;Strict Attack: Glue;Strict Power 4+: Enabler;Strict Power Matters: Enabler","",128983,false,false,"Steven Belledin"
"Lumbering Worldwagon",3,"Artifact - Vehicle",G,"dft","168",rare,null,Not Owned,Non-foil,mainboard,false,,,"Function: Value;Strict Artifacts: Enabler;Strict Attack: Enabler;Strict Blink: Payoff;Strict Five-Color Domain: Enabler;Strict Landfall: Enabler;Strict Noncreature: Enabler;Strict Ramp: Enabler","",136459,false,false,"Raph Lomotan"
"Hildibrand Manderville",2,"Legendary Creature - Human Detective",W,"fic","83",rare,null,Not Owned,Non-foil,mainboard,false,,,"Function: Value;Strict Dies: Payoff;Strict Graveyard Cast: Payoff;Strict Humans: Enabler;Strict Tokens: Enabler;Strict Tokens: Payoff","",140157,false,false,"AKAGI"
"Chandra's Ignition",5,"Sorcery",R,"ori","137",rare,null,Not Owned,Non-foil,mainboard,false,,,"Function: Interaction;Strict Damage: Enabler;Strict Noncreature: Enabler;Strict Power Matters: Payoff","",57988,false,false,"Eric Deschamps"
"Web Up",3,"Enchantment",W,"spm","21",common,null,Not Owned,Non-foil,mainboard,false,,,"Function: Interaction;Strict Blink: Payoff;Strict Enchantments: Enabler;Strict Noncreature: Enabler","",153277,false,false,"David Palumbo"
"Quantum Riddler",5,"Creature - Sphinx",U,"eoe","72",mythic,null,Not Owned,Non-foil,mainboard,false,,,"Function: Value;Strict Blink: Payoff;Strict Draw: Enabler;Strict Power 4+: Enabler;Strict Power Matters: Enabler","",142757,false,false,"Izzy"
"Stomping Ground",0,"Land - Mountain Forest",,"gpt","165",rare,null,Not Owned,Non-foil,mainboard,false,,,"Strict Five-Color Domain: Enabler","",23709,false,false,"Rob Alexander"
"Rust Harvester",1,"Artifact Creature - Robot",R,"eoe","159",rare,null,Not Owned,Non-foil,mainboard,false,,,"Function: Interaction;Strict Artifacts: Enabler;Strict Counters: Enabler;Strict Damage: Enabler;Strict Power Matters: Payoff","",142931,false,false,"Jake Murray"
"Guardian of Faith",3,"Creature - Spirit Knight",W,"afr","18",rare,null,Not Owned,Non-foil,mainboard,false,,,"Strict Blink: Payoff","",91538,false,false,"Brian Valeza"
"Sword of Fire and Ice",3,"Artifact - Equipment",,"dst","148",rare,null,Not Owned,Non-foil,mainboard,false,,,"Function: Interaction;Function: Value;Strict Artifacts: Enabler;Strict Combat Damage: Enabler;Strict Damage: Enabler;Strict Draw: Enabler;Strict Equipment: Enabler;Strict Noncreature: Enabler","",20535,false,false,"Mark Zug"
"Roxanne, Starfall Savant",5,"Legendary Creature - Cat Druid",GR,"otj","228",rare,null,Not Owned,Non-foil,mainboard,false,,,"Function: Interaction;Function: Value;Strict Artifacts: Enabler;Strict Artifacts: Payoff;Strict Attack: Enabler;Strict Blink: Payoff;Strict Damage: Enabler;Strict Five-Color Domain: Glue;Strict Power 4+: Enabler;Strict Power Matters: Enabler;Strict Ramp: Enabler;Strict Tokens: Enabler","",124367,false,false,"Ina Wong"
"Crude Bent Blade",3,"Artifact - Equipment",B,"hob","63",common,null,Not Owned,Non-foil,mainboard,false,,,"Function: Interaction;Strict Artifacts: Enabler;Strict Blink: Payoff;Strict Equipment: Enabler;Strict Noncreature: Enabler","",154052,false,false,"Russell Dongjun Lu"
"Old Gnawbone",7,"Legendary Creature - Dragon",G,"afr","197",mythic,null,Not Owned,Non-foil,mainboard,false,,,"Function: Value;Strict Artifacts: Enabler;Strict Combat Damage: Enabler;Strict Power 4+: Enabler;Strict Power Matters: Enabler;Strict Ramp: Glue;Strict Tokens: Enabler","",91896,false,false,"Filip Burburan"
"Sanguine Evangelist",3,"Creature - Vampire Cleric",W,"lci","34",rare,null,Not Owned,Non-foil,mainboard,false,,,"Function: Value;Strict Blink: Payoff;Strict Dies: Payoff;Strict Tokens: Enabler","",117850,false,false,"Zezhou Chen"
"Invert Polarity",3,"Instant",RU,"mh3","190",rare,null,Not Owned,Non-foil,mainboard,false,,,"Function: Interaction;Strict Noncreature: Enabler","",126397,false,false,"Leonardo Santanna"
"Airbender Ascension",2,"Enchantment",W,"tla","6",rare,null,Not Owned,Non-foil,mainboard,false,,,"Function: Interaction;Strict Blink: Enabler;Strict Blink: Payoff;Strict Enchantments: Enabler;Strict Noncreature: Enabler","",144488,false,false,"Shiren"
"The Gitrog, Ravenous Ride",5,"Legendary Creature - Frog Horror Mount",BG,"otj","206",mythic,null,Not Owned,Non-foil,mainboard,false,,,"Function: Value;Strict Combat Damage: Enabler;Strict Dies: Enabler;Strict Draw: Enabler;Strict Graveyard Cast: Enabler;Strict Graveyard Types: Enabler;Strict Landfall: Enabler;Strict Power 4+: Enabler;Strict Power Matters: Enabler;Strict Reanimator: Enabler;Strict Sacrifice: Enabler","",124323,false,false,"Johan Grenier"
"Sandstorm Salvager",3,"Creature - Human Artificer",G,"big","19",mythic,null,Not Owned,Non-foil,mainboard,false,,,"Function: Value;Strict Blink: Payoff;Strict Counters: Enabler;Strict Humans: Enabler;Strict Tokens: Enabler","",125399,false,false,"Francis Tneh"
"Collector Ouphe",2,"Creature - Ouphe",G,"mh1","158",rare,null,Not Owned,Non-foil,mainboard,false,,,"","",72688,false,false,"Filip Burburan"
"Sandsteppe Citadel",0,"Land",,"ktk","241",uncommon,null,Not Owned,Non-foil,mainboard,false,,,"","",54160,false,false,"Sam Burley"
"Frontier Bivouac",0,"Land",,"ktk","234",uncommon,null,Not Owned,Non-foil,mainboard,false,,,"","",54168,false,false,"Titus Lunter"
"Thieving Skydiver",2,"Creature - Merfolk Rogue",U,"znr","85",rare,null,Not Owned,Non-foil,mainboard,false,,,"Strict Blink: Payoff;Strict Theft: Enabler","",83127,false,false,"Kieran Yanner"
"Queen Marchesa",4,"Legendary Creature - Human Assassin",BRW,"cn2","78",mythic,null,Not Owned,Non-foil,mainboard,false,,,"Function: Value;Strict Blink: Payoff;Strict Humans: Enabler;Strict Tokens: Enabler","",-1,false,false,"Kieran Yanner"
"Jaws, Relentless Predator",5,"Legendary Creature - Shark",R,"sld","2175",mythic,null,Not Owned,Non-foil,mainboard,false,,,"Function: Value;Strict Artifacts: Enabler;Strict Artifacts: Payoff;Strict Combat Damage: Enabler;Strict Damage: Enabler;Strict Power 4+: Enabler;Strict Power Matters: Enabler;Strict Sacrifice: Payoff;Strict Tokens: Enabler","",-1,false,false,"Stephen Andrade"
"Urza, Lord High Artificer",4,"Legendary Creature - Human Artificer",U,"mh1","75",mythic,null,Not Owned,Non-foil,mainboard,false,,,"Function: Value;Strict Artifacts: Payoff;Strict Blink: Payoff;Strict Humans: Enabler;Strict Ramp: Enabler;Strict Tokens: Enabler","",72522,false,false,"Grzegorz Rutkowski"
"Railway Brawler",5,"Creature - Rhino Warrior",G,"otj","175",mythic,null,Not Owned,Non-foil,mainboard,false,,,"Strict Blink: Payoff;Strict Counters: Enabler;Strict Power 4+: Enabler;Strict Power Matters: Enabler;Strict Power Matters: Payoff","",124261,false,false,"Kevin Sidharta"
"Invigorate",3,"Instant",G,"mmq","254",common,null,Not Owned,Non-foil,mainboard,false,,,"Strict Noncreature: Enabler","",13231,false,false,"Dan Frazier"
"Collector's Cage",2,"Artifact",W,"big","1",mythic,null,Not Owned,Non-foil,mainboard,false,,,"Function: Value;Strict Artifacts: Enabler;Strict Counters: Enabler;Strict Noncreature: Enabler","",125363,false,false,"Bartek Fedyczak"
"Questing Beast",4,"Legendary Creature - Beast",G,"eld","171",mythic,null,Not Owned,Non-foil,mainboard,false,,,"Function: Interaction;Strict Combat Damage: Enabler;Strict Damage: Enabler;Strict Power 4+: Enabler;Strict Power Matters: Enabler","",78482,false,false,"Igor Kieryluk"
"Court of Garenbrig",3,"Enchantment",G,"woc","25",rare,null,Not Owned,Non-foil,mainboard,false,,,"Function: Value;Strict Blink: Payoff;Strict Counters: Payoff;Strict Enchantments: Enabler;Strict Noncreature: Enabler","",117328,false,false,"Sam Guay"
"Bloom Tender",2,"Creature - Elf Druid",G,"eve","66",rare,null,Not Owned,Non-foil,mainboard,false,,,"Strict Ramp: Enabler","",30260,false,false,"Chippy"
"Olivia, Crimson Bride",6,"Legendary Creature - Vampire Noble",BR,"vow","245",mythic,null,Not Owned,Non-foil,mainboard,false,,,"Function: Value;Strict Attack: Enabler;Strict Ramp: Glue;Strict Reanimator: Payoff","",94866,false,false,"Anna Steinbauer"
"Bone Shards",1,"Sorcery",B,"mh2","76",common,null,Not Owned,Non-foil,mainboard,false,,,"Function: Interaction;Strict Dies: Enabler;Strict Graveyard Cast: Enabler;Strict Graveyard Types: Enabler;Strict Noncreature: Enabler;Strict Reanimator: Enabler;Strict Sacrifice: Enabler","",90525,false,false,"Tommy Arnold"
"Chain Lightning",1,"Sorcery",R,"leg","137",common,null,Not Owned,Non-foil,mainboard,false,,,"Function: Interaction;Strict Damage: Enabler;Strict Noncreature: Enabler","",-1,false,false,"Sandra Everingham"
"Glissa Sunslayer",3,"Legendary Creature - Phyrexian Zombie Elf",BG,"one","202",rare,null,Not Owned,Non-foil,mainboard,false,,,"Function: Interaction;Function: Value;Strict Combat Damage: Enabler;Strict Draw: Enabler","",106619,false,false,"Krharts"
"Silent Hallcreeper",2,"Enchantment Creature - Horror",U,"dsk","72",rare,null,Not Owned,Non-foil,mainboard,false,,,"Function: Value;Strict Combat Damage: Enabler;Strict Counters: Enabler;Strict Draw: Enabler;Strict Enchantments: Enabler","",130275,false,false,"Joshua Raphael"
"Savai Triome",0,"Land - Mountain Plains Swamp",,"iko","253",rare,null,Not Owned,Non-foil,mainboard,false,,,"Function: Value;Strict Discard: Enabler;Strict Five-Color Domain: Enabler;Strict Graveyard Cast: Enabler;Strict Graveyard Types: Enabler;Strict Reanimator: Enabler","",80515,false,false,"Titus Lunter"
"Raugrin Triome",0,"Land - Island Mountain Plains",,"iko","251",rare,null,Not Owned,Non-foil,mainboard,false,,,"Function: Value;Strict Discard: Enabler;Strict Five-Color Domain: Enabler;Strict Graveyard Cast: Enabler;Strict Graveyard Types: Enabler;Strict Reanimator: Enabler","",80511,false,false,"Jonas De Ro"
"Lightning, Army of One",3,"Legendary Creature - Human Soldier",RW,"fin","233",mythic,null,Not Owned,Non-foil,mainboard,false,,,"Strict Combat Damage: Enabler;Strict Damage: Glue;Strict Humans: Enabler;Strict Lifegain: Enabler","",141427,false,false,"Shiyu"
"Jin Sakai, Ghost of Tsushima",4,"Legendary Creature - Human Samurai",BUW,"sld","2226",mythic,null,Not Owned,Non-foil,mainboard,false,,,"Function: Value;Strict Attack: Enabler;Strict Combat Damage: Enabler;Strict Draw: Enabler;Strict Humans: Enabler","",-1,false,false,"Dominik Mayer"
"Biophagus",2,"Creature - Human Tyranid Wizard",G,"40k","87",rare,null,Not Owned,Non-foil,mainboard,false,,,"Strict Counters: Enabler;Strict Five-Color Domain: Glue;Strict Humans: Enabler;Strict Ramp: Enabler","",108646,false,false,"Thea Dumitriu"
"Rionya, Fire Dancer",5,"Legendary Creature - Human Wizard",R,"c21","55",rare,null,Not Owned,Non-foil,mainboard,false,,,"Function: Value;Strict Humans: Enabler;Strict Tokens: Enabler","",89853,false,false,"Heonhwa"
"Retrofitter Foundry",1,"Artifact",,"c18","57",rare,null,Not Owned,Non-foil,mainboard,false,,,"Function: Value;Strict Artifacts: Enabler;Strict Dies: Enabler;Strict Noncreature: Enabler;Strict Power 4+: Enabler;Strict Sacrifice: Enabler;Strict Tokens: Enabler","",-1,false,false,"Dmitry Burmak"
"Firebolt",1,"Sorcery",R,"ody","193",common,null,Not Owned,Non-foil,mainboard,false,,,"Function: Interaction;Strict Damage: Enabler;Strict Graveyard Cast: Payoff;Strict Noncreature: Enabler","",16705,false,false,"Ron Spencer"
"Toxic Deluge",3,"Sorcery",B,"c13","96",rare,null,Not Owned,Non-foil,mainboard,false,,,"Function: Interaction;Strict Noncreature: Enabler","",51366,false,false,"Svetlin Velinov"
"Leonin Relic-Warder",2,"Creature - Cat Cleric",W,"mbs","10",uncommon,null,Not Owned,Non-foil,mainboard,false,,,"Function: Interaction;Strict Blink: Payoff","",39591,false,false,"Greg Staples"
"Mosswort Bridge",0,"Land",,"lrw","270",rare,null,Not Owned,Non-foil,mainboard,false,,,"Function: Value","",28345,false,false,"Jeremy Jarvis"
"Shoot the Sheriff",2,"Instant",B,"otj","106",uncommon,null,Not Owned,Non-foil,mainboard,false,,,"Function: Interaction;Strict Noncreature: Enabler","",124123,false,false,"Fariba Khamseh"
"Overgrown Tomb",0,"Land - Swamp Forest",,"rav","279",rare,null,Not Owned,Non-foil,mainboard,false,,,"Strict Five-Color Domain: Enabler","",23592,false,false,"Rob Alexander"
"Shadowy Backstreet",0,"Land - Plains Swamp",,"mkm","268",rare,null,Not Owned,Non-foil,mainboard,false,,,"Strict Five-Color Domain: Enabler","",122028,false,false,"Andreas Zafiratos"
"Somberwald Sage",3,"Creature - Human Druid",G,"avr","194",rare,null,Not Owned,Non-foil,mainboard,false,,,"Strict Humans: Enabler;Strict Ramp: Enabler","",44213,false,false,"Steve Argyle"
"Plateau",0,"Land - Mountain Plains",,"lea","279",rare,null,Not Owned,Non-foil,mainboard,false,,,"Strict Five-Color Domain: Enabler","",-1,false,false,"Drew Tucker"
"Tundra",0,"Land - Plains Island",,"lea","284",rare,null,Not Owned,Non-foil,mainboard,false,,,"Strict Five-Color Domain: Enabler","",-1,false,false,"Jesper Myrfors"
"Eddie Brock",3,"Legendary Creature - Human Hero Villain",B,"spm","55",mythic,null,Not Owned,Non-foil,mainboard,false,,,"Function: Value;Strict Attack: Enabler;Strict Blink: Payoff;Strict Dies: Enabler;Strict Draw: Enabler;Strict Graveyard Cast: Enabler;Strict Graveyard Types: Enabler;Strict Humans: Enabler;Strict Reanimator: Enabler;Strict Reanimator: Payoff;Strict Sacrifice: Enabler","",153349,false,false,"Greg Staples"
"Underground Sea",0,"Land - Island Swamp",,"lea","285",rare,null,Not Owned,Non-foil,mainboard,false,,,"Strict Five-Color Domain: Enabler","",-1,false,false,"Rob Alexander"
"Tropical Island",0,"Land - Forest Island",,"lea","283",rare,null,Not Owned,Non-foil,mainboard,false,,,"Strict Five-Color Domain: Enabler","",-1,false,false,"Jesper Myrfors"
"Primeval Titan",6,"Creature - Giant",G,"m11","192",mythic,null,Not Owned,Non-foil,mainboard,false,,,"Function: Value;Strict Attack: Enabler;Strict Blink: Payoff;Strict Landfall: Enabler;Strict Power 4+: Enabler;Strict Power Matters: Enabler;Strict Ramp: Enabler;Strict Ramp: Glue","",37400,false,false,"Aleksi Briclot"
"Kalonian Hydra",5,"Creature - Hydra",G,"m14","181",mythic,null,Not Owned,Non-foil,mainboard,false,,,"Strict Attack: Enabler;Strict Counters: Enabler;Strict Counters: Payoff","",49349,false,false,"Chris Rahn"
"Corpse Knight",2,"Creature - Zombie Knight",BW,"m20","206",uncommon,null,Not Owned,Non-foil,mainboard,false,,,"Strict Blink: Payoff","",73311,false,false,"Karl Kopinski"
"Talisman of Hierarchy",2,"Artifact",,"mh1","233",uncommon,null,Not Owned,Non-foil,mainboard,false,,,"Strict Artifacts: Enabler;Strict Noncreature: Enabler;Strict Ramp: Enabler","",72838,false,false,"Lindsey Look"
"Dancing from Dark to Dawn",5,"Enchantment",G,"hob","123",mythic,null,Not Owned,Non-foil,mainboard,false,,,"Function: Value;Strict Counters: Enabler;Strict Enchantments: Enabler;Strict Landfall: Payoff;Strict Noncreature: Enabler;Strict Tokens: Enabler","",154184,false,false,"Leesha Hannigan"
"Forensic Gadgeteer",3,"Creature - Vedalken Artificer Detective",U,"mkm","57",rare,null,Not Owned,Non-foil,mainboard,false,,,"Function: Value;Strict Artifacts: Payoff","",121600,false,false,"Volkan Baǵa"
"Doors of Durin",5,"Legendary Artifact",GR,"ltr","199",rare,null,Not Owned,Non-foil,mainboard,false,,,"Strict Artifacts: Enabler;Strict Attack: Glue;Strict Noncreature: Enabler","",112308,false,false,"Marc Simonetti"
"Ignoble Hierarch",1,"Creature - Goblin Shaman",G,"mh2","166",rare,null,Not Owned,Non-foil,mainboard,false,,,"Strict Ramp: Enabler","",90709,false,false,"Mark Zug"
"Llanowar Elves",1,"Creature - Elf Druid",G,"fdn","429",mythic,null,Not Owned,Non-foil,mainboard,false,,,"Strict Ramp: Enabler","",132866,false,false,"Hisashi Momose"
"Nishoba Brawler",2,"Creature - Cat Warrior",G,"dmu","174",uncommon,null,Not Owned,Non-foil,mainboard,false,,,"Strict Five-Color Domain: Payoff;Strict Power Matters: Enabler","",102824,false,false,"Valera Lutfullina"
"Tifa Lockhart",2,"Legendary Creature - Human Monk",G,"fin","206",rare,null,Not Owned,Non-foil,mainboard,false,,,"Strict Humans: Enabler;Strict Landfall: Payoff;Strict Power Matters: Payoff","",141355,false,false,"Laurel Austin"
"Azusa, Lost but Seeking",3,"Legendary Creature - Human Monk",G,"chk","201",rare,null,Not Owned,Non-foil,mainboard,false,,,"Strict Humans: Enabler","",21535,false,false,"Todd Lockwood"
"Six",3,"Legendary Creature - Treefolk",G,"mh3","169",rare,null,Not Owned,Non-foil,mainboard,false,,,"Function: Value;Strict Attack: Enabler;Strict Graveyard Cast: Enabler;Strict Graveyard Types: Enabler;Strict Reanimator: Enabler","",126355,false,false,"Andrew Mar"
"Web of Life and Destiny",8,"Enchantment",G,"spm","122",mythic,null,Not Owned,Non-foil,mainboard,false,,,"Function: Value;Strict Enchantments: Enabler;Strict Noncreature: Enabler","",153487,false,false,"Jonas De Ro"
"The Regalia",4,"Legendary Artifact - Vehicle",,"fin","267",rare,null,Not Owned,Non-foil,mainboard,false,,,"Function: Value;Strict Artifacts: Enabler;Strict Attack: Enabler;Strict Noncreature: Enabler","",141501,false,false,"Jonas De Ro"
"Pile On",4,"Instant",B,"mom","122",rare,null,Not Owned,Non-foil,mainboard,false,,,"Function: Interaction;Strict Noncreature: Enabler","",110090,false,false,"Javier Charro"
"Necron Deathmark",5,"Artifact Creature - Necron",B,"40k","42",rare,null,Not Owned,Non-foil,mainboard,false,,,"Function: Interaction;Strict Artifacts: Enabler;Strict Blink: Payoff;Strict Power 4+: Enabler;Strict Power Matters: Enabler","",108556,false,false,"Games Workshop"
"Tamiyo, Inquisitive Student",1,"Legendary Creature - Moonfolk Wizard",U,"mh3","242",mythic,null,Not Owned,Non-foil,mainboard,false,,,"Function: Value;Strict Attack: Enabler;Strict Ramp: Enabler","",126513,false,false,"Magali Villeneuve"
"Marang River Regent",6,"Creature - Dragon",U,"tdm","51",rare,null,Not Owned,Non-foil,mainboard,false,,,"Function: Interaction;Function: Value;Strict Blink: Payoff;Strict Discard: Enabler;Strict Draw: Enabler;Strict Graveyard Cast: Enabler;Strict Graveyard Types: Enabler;Strict Power 4+: Enabler;Strict Power Matters: Enabler;Strict Reanimator: Enabler","",139049,false,false,"John Tedrick"
"Counterspell",2,"Instant",U,"lea","54",uncommon,null,Not Owned,Non-foil,mainboard,false,,,"Function: Interaction;Strict Noncreature: Enabler","",-1,false,false,"Mark Poole"
"Show and Tell",3,"Sorcery",U,"usg","96",rare,null,Not Owned,Non-foil,mainboard,false,,,"Strict Noncreature: Enabler","",12139,false,false,"Jeff Laubenstein"
"Simulacrum Synthesizer",3,"Artifact",U,"big","6",mythic,null,Not Owned,Non-foil,mainboard,false,,,"Function: Value;Strict Artifacts: Enabler;Strict Artifacts: Payoff;Strict Blink: Payoff;Strict Noncreature: Enabler;Strict Tokens: Enabler","",125373,false,false,"Anton Solovianchyk"
"Warren Soultrader",3,"Creature - Zombie Goblin Wizard",B,"mh3","110",rare,null,Not Owned,Non-foil,mainboard,false,,,"Function: Value;Strict Artifacts: Enabler;Strict Dies: Enabler;Strict Graveyard Cast: Enabler;Strict Graveyard Types: Enabler;Strict Reanimator: Enabler;Strict Sacrifice: Enabler;Strict Tokens: Enabler","",126237,false,false,"Pete Venters"
"Overlord of the Balemurk",5,"Enchantment Creature - Avatar Horror",B,"dsk","113",mythic,null,Not Owned,Non-foil,mainboard,false,,,"Function: Value;Strict Attack: Enabler;Strict Blink: Payoff;Strict Enchantments: Enabler;Strict Graveyard Cast: Enabler;Strict Graveyard Types: Enabler;Strict Power 4+: Enabler;Strict Power Matters: Enabler;Strict Reanimator: Enabler","",130357,false,false,"Babs Webb"
"Cut Down",1,"Instant",B,"dmu","89",uncommon,null,Not Owned,Non-foil,mainboard,false,,,"Function: Interaction;Strict Noncreature: Enabler","",102654,false,false,"Dominik Mayer"
"Thoughtseize",1,"Sorcery",B,"lrw","145",rare,null,Not Owned,Non-foil,mainboard,false,,,"Strict Noncreature: Enabler","",28269,false,false,"Aleksi Briclot"
"Kellan, Planar Trailblazer",1,"Legendary Creature - Human Faerie Scout",R,"fdn","91",rare,null,Not Owned,Non-foil,mainboard,false,,,"Function: Value;Strict Combat Damage: Enabler;Strict Humans: Enabler","",133750,false,false,"Zoltan Boros"
"Voldaren Epicure",1,"Creature - Vampire",R,"vow","182",common,null,Not Owned,Non-foil,mainboard,false,,,"Function: Value;Strict Artifacts: Enabler;Strict Blink: Payoff;Strict Damage: Enabler;Strict Tokens: Enabler","",94710,false,false,"Martina Fačková"
"Hanweir Garrison",3,"Creature - Human Soldier",R,"emn","130",rare,null,Not Owned,Non-foil,mainboard,false,,,"Function: Value;Strict Attack: Enabler;Strict Attack: Glue;Strict Humans: Enabler;Strict Tokens: Enabler","",61220,false,false,"Vincent Proce"
"Mine Collapse",4,"Instant",R,"mh2","135",common,null,Not Owned,Non-foil,mainboard,false,,,"Function: Interaction;Strict Damage: Enabler;Strict Dies: Enabler;Strict Noncreature: Enabler;Strict Sacrifice: Enabler","",90647,false,false,"Bud Cook"
"Nova Hellkite",5,"Creature - Dragon",R,"eoe","148",rare,null,Not Owned,Non-foil,mainboard,false,,,"Function: Interaction;Strict Blink: Payoff;Strict Damage: Enabler;Strict Power 4+: Enabler;Strict Power Matters: Enabler","",142909,false,false,"Raymond Swanland"
"Jaxis, the Troublemaker",4,"Legendary Creature - Human Warrior",R,"snc","112",rare,null,Not Owned,Non-foil,mainboard,false,,,"Function: Value;Strict Dies: Payoff;Strict Discard: Enabler;Strict Draw: Enabler;Strict Graveyard Cast: Enabler;Strict Graveyard Types: Enabler;Strict Humans: Enabler;Strict Reanimator: Enabler;Strict Tokens: Enabler","",98443,false,false,"Zoltan Boros"
"Fear of Missing Out",2,"Enchantment Creature - Nightmare",R,"dsk","136",rare,null,Not Owned,Non-foil,mainboard,false,,,"Function: Interaction;Function: Value;Strict Attack: Enabler;Strict Attack: Glue;Strict Blink: Payoff;Strict Discard: Enabler;Strict Draw: Enabler;Strict Enchantments: Enabler;Strict Graveyard Cast: Enabler;Strict Graveyard Types: Enabler;Strict Graveyard Types: Payoff;Strict Reanimator: Enabler","",130403,false,false,"John Stanko"
"The Infamous Cruelclaw",3,"Legendary Creature - Weasel Mercenary",BR,"blb","219",mythic,null,Not Owned,Non-foil,mainboard,false,,,"Function: Value;Strict Combat Damage: Enabler","",129683,false,false,"Christina Kraus"
"Ajani, Nacatl Pariah",2,"Legendary Creature - Cat Warrior",W,"mh3","237",mythic,null,Not Owned,Non-foil,mainboard,false,,,"Function: Interaction;Function: Value;Strict Blink: Payoff;Strict Counters: Enabler;Strict Damage: Enabler;Strict Dies: Payoff;Strict Tokens: Enabler","",126493,false,false,"Chris Rallis"
"Adanto Vanguard",2,"Creature - Vampire Soldier",W,"xln","1",uncommon,null,Not Owned,Non-foil,mainboard,false,,,"","",65012,false,false,"Anna Steinbauer"
"Spectacular Spider-Man",2,"Legendary Creature - Spider Human Hero",W,"spm","14",rare,null,Not Owned,Non-foil,mainboard,false,,,"Strict Humans: Enabler","",153263,false,false,"Roberta Ingranata"
"Eldrazi Displacer",3,"Creature - Eldrazi",,"ogw","13",rare,null,Not Owned,Non-foil,mainboard,false,,,"Strict Blink: Enabler","",59473,false,false,"Daarken"
"Thalia, Heretic Cathar",3,"Legendary Creature - Human Soldier",W,"emn","46",rare,null,Not Owned,Non-foil,mainboard,false,,,"Strict Humans: Enabler","",61308,false,false,"Magali Villeneuve"
"Monastery Mentor",3,"Creature - Human Monk",W,"frf","20",mythic,null,Not Owned,Non-foil,mainboard,false,,,"Function: Value;Strict Humans: Enabler;Strict Noncreature: Payoff;Strict Tokens: Enabler","",55410,false,false,"Magali Villeneuve"
"Appa, Steadfast Guardian",4,"Legendary Creature - Bison Ally",W,"tla","10",mythic,null,Not Owned,Non-foil,mainboard,false,,,"Function: Value;Strict Blink: Payoff;Strict Tokens: Enabler","",144496,false,false,"Maël Ollivier-Henry"
"Elspeth, Storm Slayer",5,"Legendary Planeswalker - Elspeth",W,"tdm","11",mythic,null,Not Owned,Non-foil,mainboard,false,,,"Function: Interaction;Function: Value;Strict Counters: Enabler;Strict Noncreature: Enabler;Strict Tokens: Enabler;Strict Tokens: Payoff","",138965,false,false,"Ekaterina Burmak"
"Kitesail Larcenist",3,"Creature - Human Pirate",U,"lci","61",rare,null,Not Owned,Non-foil,mainboard,false,,,"Function: Interaction;Strict Blink: Payoff;Strict Humans: Enabler;Strict Ramp: Enabler","",117918,false,false,"Sidharth Chaturvedi"
"Spyglass Siren",1,"Creature - Siren Pirate",U,"lci","78",uncommon,null,Not Owned,Non-foil,mainboard,false,,,"Function: Value;Strict Artifacts: Enabler;Strict Blink: Payoff;Strict Tokens: Enabler","",117956,false,false,"David Astruga"
"Skycoach Conductor",3,"Creature - Bird Pilot",U,"sos","67",rare,null,Not Owned,Non-foil,mainboard,false,,,"Function: Interaction;Strict Blink: Enabler;Strict Blink: Payoff","",149633,false,false,"Christina Kraus"
"Fallen Shinobi",5,"Creature - Zombie Ninja",BU,"mh1","199",rare,null,Not Owned,Non-foil,mainboard,false,,,"Function: Interaction;Function: Value;Strict Combat Damage: Enabler;Strict Opponent Cards: Enabler;Strict Power 4+: Enabler;Strict Power Matters: Enabler","",72770,false,false,"Tomasz Jedruszek"
"Knight Paladin",5,"Artifact - Vehicle",,"40k","160",rare,null,Not Owned,Non-foil,mainboard,false,,,"Strict Artifacts: Enabler;Strict Blink: Payoff;Strict Damage: Enabler;Strict Noncreature: Enabler","",108792,false,false,"Games Workshop"
"Third Path Iconoclast",2,"Creature - Human Monk",RU,"bro","223",uncommon,null,Not Owned,Non-foil,mainboard,false,,,"Function: Value;Strict Humans: Enabler;Strict Noncreature: Payoff;Strict Tokens: Enabler","",105068,false,false,"Manuel Castañón"
"Pinnacle Emissary",3,"Artifact Creature - Robot",RU,"eoe","223",rare,null,Not Owned,Non-foil,mainboard,false,,,"Function: Value;Strict Artifacts: Enabler;Strict Artifacts: Payoff;Strict Tokens: Enabler","",143059,false,false,"Alejandro Pacheco"
"Gríma, Saruman's Footman",4,"Legendary Creature - Human Advisor",BU,"ltc","57",rare,null,Not Owned,Non-foil,mainboard,false,,,"Function: Value;Strict Combat Damage: Enabler;Strict Humans: Enabler;Strict Opponent Cards: Enabler","",113146,false,false,"Matt Stewart"
"Assault Intercessor",3,"Creature - Astartes Warrior",BW,"40k","104",rare,null,Not Owned,Non-foil,mainboard,false,,,"","",108680,false,false,"Steve Argyle"
"Space Marine Devastator",4,"Creature - Astartes Warrior",W,"40k","14",rare,null,Not Owned,Non-foil,mainboard,false,,,"Function: Interaction;Function: Value;Strict Blink: Payoff","",108500,false,false,"Games Workshop"
"Malcolm, Alluring Scoundrel",2,"Legendary Creature - Siren Pirate",U,"lci","63",rare,null,Not Owned,Non-foil,mainboard,false,,,"Function: Value;Strict Combat Damage: Enabler;Strict Discard: Enabler;Strict Draw: Enabler;Strict Graveyard Cast: Enabler;Strict Graveyard Types: Enabler;Strict Reanimator: Enabler","",117924,false,false,"Fesbra"
"Michelangelo, Weirdness to 11",2,"Legendary Creature - Mutant Ninja Turtle",G,"tmt","121",rare,null,Not Owned,Non-foil,mainboard,false,,,"Function: Value;Strict Blink: Payoff;Strict Counters: Enabler;Strict Counters: Payoff;Strict Tokens: Enabler","",147865,false,false,"Jason Kiantoro"
"Prophetic Prism",2,"Artifact",,"roe","222",common,null,Not Owned,Non-foil,mainboard,false,,,"Function: Value;Strict Artifacts: Enabler;Strict Blink: Payoff;Strict Draw: Enabler;Strict Five-Color Domain: Glue;Strict Noncreature: Enabler","",36758,false,false,"John Avon"
"Thunderhawk Gunship",6,"Artifact - Vehicle",,"40k","167",rare,null,Not Owned,Non-foil,mainboard,false,,,"Function: Value;Strict Artifacts: Enabler;Strict Attack: Enabler;Strict Blink: Payoff;Strict Noncreature: Enabler;Strict Ramp: Glue;Strict Tokens: Enabler","",108806,false,false,"Games Workshop"
"Sicarian Infiltrator",3,"Artifact Creature - Human Soldier",U,"40k","25",uncommon,null,Not Owned,Non-foil,mainboard,false,,,"Function: Value;Strict Artifacts: Enabler;Strict Blink: Payoff;Strict Draw: Enabler;Strict Humans: Enabler","",108522,false,false,"Games Workshop"
"Callidus Assassin",6,"Creature - Human Shapeshifter Assassin",BU,"40k","109",rare,null,Not Owned,Non-foil,mainboard,false,,,"Function: Interaction;Strict Blink: Payoff;Strict Humans: Enabler;Strict Ramp: Glue","",108690,false,false,"Bryan Sola"
"Annie Joins Up",4,"Legendary Enchantment",GRW,"otj","191",rare,null,Not Owned,Non-foil,mainboard,false,,,"Function: Interaction;Strict Blink: Payoff;Strict Damage: Enabler;Strict Enchantments: Enabler;Strict Noncreature: Enabler","",124293,false,false,"Wylie Beckert"
"Panharmonicon",4,"Artifact",,"kld","226",rare,null,Not Owned,Non-foil,mainboard,false,,,"Strict Artifacts: Enabler;Strict Blink: Payoff;Strict Noncreature: Enabler","",61801,false,false,"Volkan Baǵa"
"Ohran Frostfang",5,"Snow Creature - Snake",G,"c19","33",rare,null,Not Owned,Non-foil,mainboard,false,,,"Function: Value;Strict Combat Damage: Enabler;Strict Draw: Enabler","",77120,false,false,"Torstein Nordstrand"
"Sentinel of the Nameless City",3,"Creature - Merfolk Warrior Scout",G,"lci","211",rare,null,Not Owned,Non-foil,mainboard,false,,,"Function: Value;Strict Artifacts: Enabler;Strict Attack: Enabler;Strict Blink: Payoff;Strict Tokens: Enabler","",118256,false,false,"Josu Hernaiz"
"Junk Jet",2,"Artifact - Equipment",R,"pip","60",rare,null,Not Owned,Non-foil,mainboard,false,,,"Function: Value;Strict Artifacts: Enabler;Strict Artifacts: Payoff;Strict Blink: Payoff;Strict Dies: Enabler;Strict Equipment: Enabler;Strict Noncreature: Enabler;Strict Power Matters: Payoff;Strict Sacrifice: Enabler;Strict Tokens: Enabler","",132369,false,false,"Billy Christian"
"Niko, Light of Hope",4,"Legendary Creature - Human Wizard",UW,"dsk","224",mythic,null,Not Owned,Non-foil,mainboard,false,,,"Function: Interaction;Function: Value;Strict Blink: Payoff;Strict Humans: Enabler;Strict Tokens: Enabler","",130579,false,false,"Aurore Folny"
"Rona, Herald of Invasion",2,"Legendary Creature - Human Wizard",U,"mom","75",rare,null,Not Owned,Non-foil,mainboard,false,,,"Function: Value;Strict Discard: Enabler;Strict Draw: Enabler;Strict Graveyard Cast: Enabler;Strict Graveyard Types: Enabler;Strict Humans: Enabler;Strict Reanimator: Enabler","",109976,false,false,"Victor Adame Minguez"
"Nomad Outpost",0,"Land",,"ddn","34",uncommon,null,Not Owned,Non-foil,mainboard,false,,,"","",-1,false,false,"Noah Bradley"
"Seaside Citadel",0,"Land",,"ala","229",uncommon,null,Not Owned,Non-foil,mainboard,false,,,"","",31015,false,false,"Volkan Baǵa"
"Murmuring Bosk",0,"Land - Forest",,"mor","147",rare,null,Not Owned,Non-foil,mainboard,false,,,"","",29214,false,false,"John Avon"
"Oscorp Industries",0,"Land",,"spm","182",rare,null,Not Owned,Non-foil,mainboard,false,,,"Strict Discard: Payoff;Strict Graveyard Cast: Payoff","",153607,false,false,"Bastien Grivet"
"Terramorphic Expanse",0,"Land",,"tsp","279",common,null,Not Owned,Non-foil,mainboard,false,,,"Function: Value;Strict Five-Color Domain: Enabler;Strict Landfall: Enabler","",25785,false,false,"Dan Murayama Scott"
"Evolving Wilds",0,"Land",,"roe","228",common,null,Not Owned,Non-foil,mainboard,false,,,"Function: Value;Strict Five-Color Domain: Enabler;Strict Landfall: Enabler","",36440,false,false,"Steven Belledin"
"Crumbling Necropolis",0,"Land",,"ala","222",uncommon,null,Not Owned,Non-foil,mainboard,false,,,"","",31183,false,false,"Dave Kendall"
"Prismatic Vista",0,"Land",,"mh1","244",rare,null,Not Owned,Non-foil,mainboard,false,,,"Function: Value;Strict Five-Color Domain: Enabler;Strict Landfall: Enabler","",72860,false,false,"Sam Burley"
"Jungle Shrine",0,"Land",,"ala","226",uncommon,null,Not Owned,Non-foil,mainboard,false,,,"","",31131,false,false,"Wayne Reynolds"
"Vibrant Cityscape",0,"Land",,"spm","188",common,null,Not Owned,Non-foil,mainboard,false,,,"Function: Value;Strict Five-Color Domain: Enabler;Strict Landfall: Enabler","",153619,false,false,"Wei Guan"
"Sandsteppe Citadel",0,"Land",,"ktk","241",uncommon,null,Not Owned,Non-foil,mainboard,false,,,"","",54160,false,false,"Sam Burley"
"Wasteland",0,"Land",,"tmp","330",uncommon,null,Not Owned,Non-foil,mainboard,false,,,"Function: Interaction","",10035,false,false,"Una Fricker"
"Ash Barrens",0,"Land",,"c16","56",common,null,Not Owned,Non-foil,mainboard,false,,,"Function: Value;Strict Discard: Enabler;Strict Graveyard Cast: Enabler;Strict Graveyard Types: Enabler;Strict Reanimator: Enabler","",-1,false,false,"Jonas De Ro"
"Path of Ancestry",0,"Land",,"c17","56",common,null,Not Owned,Non-foil,mainboard,false,,,"Strict Five-Color Domain: Glue","",73884,false,false,"Alayna Danner"
"Thriving Moor",0,"Land",,"jmp","37",common,null,Not Owned,Non-foil,mainboard,false,,,"","",81821,false,false,"Titus Lunter"
"Thriving Isle",0,"Land",,"jmp","36",common,null,Not Owned,Non-foil,mainboard,false,,,"","",81819,false,false,"Jonas De Ro"
"Thriving Grove",0,"Land",,"jmp","34",common,null,Not Owned,Non-foil,mainboard,false,,,"","",81815,false,false,"Ravenna Tran"
"Thriving Heath",0,"Land",,"jmp","35",common,null,Not Owned,Non-foil,mainboard,false,,,"","",81817,false,false,"Alayna Danner"
"Escape Tunnel",0,"Land",,"mkm","261",common,null,Not Owned,Non-foil,mainboard,false,,,"Function: Value;Strict Combat Damage: Glue;Strict Five-Color Domain: Enabler;Strict Landfall: Enabler","",122014,false,false,"Carlos Palma Cruchaga"
"Indatha Triome",0,"Land - Plains Swamp Forest",,"iko","248",rare,null,Not Owned,Non-foil,mainboard,false,,,"Function: Value;Strict Discard: Enabler;Strict Five-Color Domain: Enabler;Strict Graveyard Cast: Enabler;Strict Graveyard Types: Enabler;Strict Reanimator: Enabler","",80505,false,false,"Noah Bradley"
"Doctor Octopus, Master Planner",7,"Legendary Creature - Human Scientist Villain",BU,"spm","128",mythic,null,Not Owned,Non-foil,mainboard,false,,,"Function: Value;Strict Humans: Enabler;Strict Power 4+: Enabler;Strict Power Matters: Enabler;Strict Ramp: Glue","",153499,false,false,"Xabi Gaztelua"
"Opulent Palace",0,"Land",,"ktk","238",uncommon,null,Not Owned,Non-foil,mainboard,false,,,"","",54164,false,false,"Adam Paquette"
"Thornspire Verge",0,"Land",,"dsk","270",rare,null,Not Owned,Non-foil,mainboard,false,,,"","",130671,false,false,"Kasia 'Kafis' Zielińska"
"Thriving Bluff",0,"Land",,"jmp","33",common,null,Not Owned,Non-foil,mainboard,false,,,"","",81813,false,false,"Johannes Voss"
"Spire of Industry",0,"Land",,"aer","184",rare,null,Not Owned,Non-foil,mainboard,false,,,"","",62909,false,false,"John Avon"
"Sandsteppe Citadel",0,"Land",,"ktk","241",uncommon,null,Not Owned,Non-foil,mainboard,false,,,"","",54160,false,false,"Sam Burley"
"Zagoth Triome",0,"Land - Swamp Forest Island",,"iko","259",rare,null,Not Owned,Non-foil,mainboard,false,,,"Function: Value;Strict Discard: Enabler;Strict Five-Color Domain: Enabler;Strict Graveyard Cast: Enabler;Strict Graveyard Types: Enabler;Strict Reanimator: Enabler","",80527,false,false,"Eytan Zana"
"Ziatora's Proving Ground",0,"Land - Swamp Mountain Forest",,"snc","261",rare,null,Not Owned,Non-foil,mainboard,false,,,"Function: Value;Strict Discard: Enabler;Strict Five-Color Domain: Enabler;Strict Graveyard Cast: Enabler;Strict Graveyard Types: Enabler;Strict Reanimator: Enabler","",98741,false,false,"Viko Menezes"
"Jetmir's Garden",0,"Land - Mountain Forest Plains",,"snc","250",rare,null,Not Owned,Non-foil,mainboard,false,,,"Function: Value;Strict Discard: Enabler;Strict Five-Color Domain: Enabler;Strict Graveyard Cast: Enabler;Strict Graveyard Types: Enabler;Strict Reanimator: Enabler","",98719,false,false,"Kasia 'Kafis' Zielińska"
"Xander's Lounge",0,"Land - Island Swamp Mountain",,"snc","260",rare,null,Not Owned,Non-foil,mainboard,false,,,"Function: Value;Strict Discard: Enabler;Strict Five-Color Domain: Enabler;Strict Graveyard Cast: Enabler;Strict Graveyard Types: Enabler;Strict Reanimator: Enabler","",98739,false,false,"James Paick"
"Spara's Headquarters",0,"Land - Forest Plains Island",,"snc","257",rare,null,Not Owned,Non-foil,mainboard,false,,,"Function: Value;Strict Discard: Enabler;Strict Five-Color Domain: Enabler;Strict Graveyard Cast: Enabler;Strict Graveyard Types: Enabler;Strict Reanimator: Enabler","",98733,false,false,"Kieran Yanner"
"Taiga",0,"Land - Mountain Forest",,"lea","282",rare,null,Not Owned,Non-foil,mainboard,false,,,"Strict Five-Color Domain: Enabler","",-1,false,false,"Rob Alexander"
"Blood Crypt",0,"Land - Swamp Mountain",,"dis","171",rare,null,Not Owned,Non-foil,mainboard,false,,,"Strict Five-Color Domain: Enabler","",24053,false,false,"Rob Alexander"
"Savai Triome",0,"Land - Mountain Plains Swamp",,"iko","253",rare,null,Not Owned,Non-foil,mainboard,false,,,"Function: Value;Strict Discard: Enabler;Strict Five-Color Domain: Enabler;Strict Graveyard Cast: Enabler;Strict Graveyard Types: Enabler;Strict Reanimator: Enabler","",80515,false,false,"Titus Lunter"
"Verdant Catacombs",0,"Land",,"zen","229",rare,null,Not Owned,Non-foil,mainboard,false,,,"Function: Value","",34704,false,false,"Vance Kovacs"
"Arid Mesa",0,"Land",,"zen","211",rare,null,Not Owned,Non-foil,mainboard,false,,,"Function: Value","",34414,false,false,"Raymond Swanland"
"Scalding Tarn",0,"Land",,"zen","223",rare,null,Not Owned,Non-foil,mainboard,false,,,"Function: Value","",34590,false,false,"Philip Straub"
"Misty Rainforest",0,"Land",,"zen","220",rare,null,Not Owned,Non-foil,mainboard,false,,,"Function: Value;Strict Landfall: Enabler","",34622,false,false,"Shelly Wan"
"Windswept Heath",0,"Land",,"mh3","360",rare,null,Not Owned,Foil,mainboard,false,,,"Function: Value;Strict Five-Color Domain: Enabler","",125777,false,false,"Samuele Bandini"
"Wooded Foothills",0,"Land",,"ons","330",rare,null,Not Owned,Non-foil,mainboard,false,,,"Function: Value;Strict Five-Color Domain: Enabler","",18251,false,false,"Rob Alexander"
"Flooded Strand",0,"Land",,"ons","316",rare,null,Not Owned,Non-foil,mainboard,false,,,"Function: Value;Strict Five-Color Domain: Enabler;Strict Landfall: Enabler","",18245,false,false,"Rob Alexander"
"Polluted Delta",0,"Land",,"ons","321",rare,null,Not Owned,Non-foil,mainboard,false,,,"Function: Value;Strict Five-Color Domain: Enabler","",18247,false,false,"Rob Alexander"
"Bloodstained Mire",0,"Land",,"ons","313",rare,null,Not Owned,Non-foil,mainboard,false,,,"Function: Value;Strict Five-Color Domain: Enabler","",18249,false,false,"Rob Alexander"
"Arid Mesa",0,"Land",,"zen","211",rare,null,Not Owned,Non-foil,mainboard,false,,,"Function: Value","",34414,false,false,"Raymond Swanland"
"Marsh Flats",0,"Land",,"zen","219",rare,null,Not Owned,Non-foil,mainboard,false,,,"Function: Value","",34646,false,false,"Izzy"
"Raugrin Triome",0,"Land - Island Mountain Plains",,"iko","251",rare,null,Not Owned,Non-foil,mainboard,false,,,"Function: Value;Strict Discard: Enabler;Strict Five-Color Domain: Enabler;Strict Graveyard Cast: Enabler;Strict Graveyard Types: Enabler;Strict Reanimator: Enabler","",80511,false,false,"Jonas De Ro"
"Raffine's Tower",0,"Land - Plains Island Swamp",,"snc","254",rare,null,Not Owned,Non-foil,mainboard,false,,,"Function: Value;Strict Discard: Enabler;Strict Five-Color Domain: Enabler;Strict Graveyard Cast: Enabler;Strict Graveyard Types: Enabler;Strict Reanimator: Enabler","",98727,false,false,"Sam White"
"Bayou",0,"Land - Swamp Forest",,"lea","278",rare,null,Not Owned,Non-foil,mainboard,false,,,"Strict Five-Color Domain: Enabler","",-1,false,false,"Jesper Myrfors"
"Jungle Shrine",0,"Land",,"ala","226",uncommon,null,Not Owned,Non-foil,mainboard,false,,,"","",31131,false,false,"Wayne Reynolds"
"Frontier Bivouac",0,"Land",,"ktk","234",uncommon,null,Not Owned,Non-foil,mainboard,false,,,"","",54168,false,false,"Titus Lunter"
"Nomad Outpost",0,"Land",,"ddn","34",uncommon,null,Not Owned,Non-foil,mainboard,false,,,"","",-1,false,false,"Noah Bradley"
"Arcane Sanctum",0,"Land",,"ala","220",uncommon,null,Not Owned,Non-foil,mainboard,false,,,"","",31205,false,false,"Anthony Francisco"
"Mystic Monastery",0,"Land",,"ddn","73",uncommon,null,Not Owned,Non-foil,mainboard,false,,,"","",-1,false,false,"Florian de Gesincourt"
"Mindslaver",6,"Legendary Artifact",,"mrd","206",rare,null,Not Owned,Non-foil,mainboard,false,,,"Strict Artifacts: Enabler;Strict Noncreature: Enabler;Strict Ramp: Glue","",19827,false,false,"Glen Angus"
"Get Lost",2,"Instant",W,"lci","14",rare,null,Not Owned,Non-foil,mainboard,false,,,"Function: Interaction;Strict Noncreature: Enabler","",117806,false,false,"Eli Minaya"
"Imprisoned in the Moon",3,"Enchantment - Aura",U,"emn","65",rare,null,Not Owned,Non-foil,mainboard,false,,,"Function: Interaction;Strict Enchantments: Enabler;Strict Noncreature: Enabler","",61116,false,false,"Ryan Alexander Lee"
"Overwhelming Stampede",5,"Sorcery",G,"m11","189",rare,null,Not Owned,Non-foil,mainboard,false,,,"Strict Combat Damage: Glue;Strict Noncreature: Enabler;Strict Power Matters: Payoff","",37360,false,false,"Steven Belledin"
"Teferi, Time Raveler",3,"Legendary Planeswalker - Teferi",UW,"war","221",rare,null,Not Owned,Non-foil,mainboard,false,,,"Function: Interaction;Function: Value;Strict Draw: Enabler;Strict Noncreature: Enabler","",72048,false,false,"Chris Rallis"
"Fell the Profane",4,"Instant",B,"mh3","244",uncommon,null,Not Owned,Non-foil,mainboard,false,,,"Function: Interaction;Strict Noncreature: Enabler","",126521,false,false,"Yeong-Hao Han"
"Gaea's Cradle",0,"Legendary Land",,"usg","321",rare,null,Not Owned,Non-foil,mainboard,false,,,"","",11867,false,false,"Mark Zug"
"Tolarian Academy",0,"Legendary Land",,"usg","330",rare,null,Not Owned,Non-foil,mainboard,false,,,"Strict Artifacts: Payoff","",11931,false,false,"Stephen Daniele"
"Swords to Plowshares",1,"Instant",W,"lea","40",uncommon,null,Not Owned,Non-foil,mainboard,false,,,"Function: Interaction;Strict Noncreature: Enabler","",-1,false,false,"Jeff A. Menges"
"Desolation Prowler",2,"Creature - Wolf",B,"hob","64",uncommon,null,Not Owned,Non-foil,mainboard,false,,,"","",154054,false,false,"Harkalé Linaï"
"Avatar's Wrath",4,"Sorcery",W,"tla","12",rare,null,Not Owned,Non-foil,mainboard,false,,,"Function: Interaction;Strict Noncreature: Enabler;Strict Taxes: Enabler","",144500,false,false,"Ainezu"
"Eyeblight's Ending",3,"Kindred Instant - Elf",B,"lrw","110",common,null,Not Owned,Non-foil,mainboard,false,,,"Function: Interaction;Strict Noncreature: Enabler","",28261,false,false,"Ron Spears"
"Perilous Snare",3,"Artifact",W,"dft","23",rare,null,Not Owned,Non-foil,mainboard,false,,,"Function: Interaction;Strict Artifacts: Enabler;Strict Blink: Payoff;Strict Counters: Enabler;Strict Noncreature: Enabler","",136169,false,false,"Chris Seaman"
"Tokka & Rahzar, Unsupervised",3,"Legendary Creature - Turtle Wolf Mutant",R,"tmc","28",rare,null,Not Owned,Non-foil,mainboard,false,,,"Function: Value;Strict Artifacts: Enabler;Strict Blink: Payoff;Strict Counters: Enabler;Strict Tokens: Enabler","",147385,false,false,"Narendra Bintara Adi"
"Negate",2,"Instant",U,"mor","43",common,null,Not Owned,Non-foil,mainboard,false,,,"Function: Interaction;Strict Noncreature: Enabler","",29010,false,false,"Jeremy Jarvis"
"Ilharg, the Raze-Boar",5,"Legendary Creature - Boar God",R,"sld","318",mythic,null,Not Owned,Etched,mainboard,false,,,"Function: Value;Strict Attack: Enabler;Strict Attack: Glue;Strict Dies: Payoff;Strict Power 4+: Enabler;Strict Power Matters: Enabler","",-1,false,false,"Timba Smits"
"Arcane Signet",2,"Artifact",,"eld","331",common,null,Not Owned,Non-foil,mainboard,false,,,"Strict Artifacts: Enabler;Strict Five-Color Domain: Glue;Strict Noncreature: Enabler;Strict Ramp: Enabler","",78722,false,false,"Dan Murayama Scott"
"Divert Disaster",2,"Instant",U,"eoe","55",common,null,Not Owned,Non-foil,mainboard,false,,,"Function: Interaction;Function: Value;Strict Noncreature: Enabler;Strict Tokens: Enabler","",142723,false,false,"David Álvarez"
"Season of the Burrow",5,"Sorcery",W,"blb","29",mythic,null,Not Owned,Non-foil,mainboard,false,,,"Function: Interaction;Function: Value;Strict Draw: Enabler;Strict Noncreature: Enabler;Strict Reanimator: Payoff;Strict Tokens: Enabler","",129303,false,false,"Serena Malyon"
"Convert to Slime",5,"Sorcery",BG,"dsc","37",rare,null,Not Owned,Non-foil,mainboard,false,,,"Function: Interaction;Function: Value;Strict Graveyard Types: Payoff;Strict Noncreature: Enabler;Strict Tokens: Enabler","",131395,false,false,"L.A. Draws"
"The Legend of Kyoshi",6,"Enchantment - Saga",G,"tla","186",mythic,null,Not Owned,Non-foil,mainboard,false,,,"Function: Value;Strict Blink: Payoff;Strict Enchantments: Enabler;Strict Noncreature: Enabler;Strict Power Matters: Payoff;Strict Ramp: Glue","",144856,false,false,"Thanh Tuấn"
"Guildsworn Prowler",2,"Creature - Tiefling Rogue Assassin",B,"clb","130",common,null,Not Owned,Non-foil,mainboard,false,,,"Function: Value;Strict Dies: Payoff;Strict Draw: Enabler","",100276,false,false,"Fariba Khamseh"
"Panther Robot",10,"Artifact Creature - Cat Robot",,"msc","113",rare,null,Not Owned,Non-foil,mainboard,false,,,"Strict Artifacts: Enabler;Strict Artifacts: Payoff;Strict Power 4+: Enabler;Strict Power Matters: Enabler","",150665,false,false,"Andreia Ugrai"
"Gix, Yawgmoth Praetor",3,"Legendary Creature - Phyrexian Praetor",B,"bro","95",mythic,null,Not Owned,Non-foil,mainboard,false,,,"Function: Value;Strict Combat Damage: Enabler;Strict Discard: Enabler;Strict Draw: Enabler;Strict Graveyard Cast: Enabler;Strict Graveyard Types: Enabler;Strict Opponent Cards: Enabler;Strict Reanimator: Enabler","",104808,false,false,"Anna Podedworna"
"Woodland Bellower",6,"Creature - Beast",G,"ori","207",mythic,null,Not Owned,Non-foil,mainboard,false,,,"Function: Value;Strict Blink: Payoff;Strict Power 4+: Enabler;Strict Power Matters: Enabler;Strict Ramp: Glue","",58086,false,false,"Jasper Sandner"
"Helbrute",5,"Artifact Creature - Astartes Dreadnought",BR,"40k","125",rare,null,Not Owned,Non-foil,mainboard,false,,,"Function: Value;Strict Artifacts: Enabler;Strict Graveyard Cast: Payoff;Strict Power 4+: Enabler;Strict Power Matters: Enabler","",108722,false,false,"Anton Solovianchyk"
"Avacyn, Guardian Angel",5,"Legendary Creature - Angel",W,"m15","3",rare,null,Not Owned,Non-foil,mainboard,false,,,"Strict Power 4+: Enabler;Strict Power Matters: Enabler","",53578,false,false,"Winona Nelson"
"Cast Out",4,"Enchantment",W,"akh","8",uncommon,null,Not Owned,Non-foil,mainboard,false,,,"Function: Interaction;Function: Value;Strict Blink: Payoff;Strict Discard: Enabler;Strict Enchantments: Enabler;Strict Graveyard Cast: Enabler;Strict Graveyard Types: Enabler;Strict Noncreature: Enabler;Strict Reanimator: Enabler","",63618,false,false,"Magali Villeneuve"
"Silent-Blade Oni",7,"Creature - Demon Ninja",BU,"pc2","105",rare,null,Not Owned,Non-foil,mainboard,false,,,"Function: Interaction;Strict Combat Damage: Enabler;Strict Opponent Cards: Enabler;Strict Power 4+: Enabler;Strict Power Matters: Enabler","",45076,false,false,"Steve Prescott"
"Dack Fayden",3,"Legendary Planeswalker - Dack",RU,"cns","42",mythic,null,Not Owned,Non-foil,mainboard,false,,,"Function: Value;Strict Draw: Enabler;Strict Noncreature: Enabler;Strict Theft: Enabler","",-1,false,false,"Eric Deschamps"
"Feed the Swarm",2,"Sorcery",B,"znr","102",common,null,Not Owned,Non-foil,mainboard,false,,,"Function: Interaction;Strict Noncreature: Enabler","",83167,false,false,"Andrey Kuzinskiy"
"Otawara, Soaring City",0,"Legendary Land",,"neo","271",rare,null,Not Owned,Non-foil,mainboard,false,,,"Function: Interaction","",97492,false,false,"Alayna Danner"
"Eerie Ultimatum",7,"Sorcery",BGW,"iko","184",rare,null,Not Owned,Non-foil,mainboard,false,,,"Function: Value;Strict Noncreature: Enabler;Strict Ramp: Glue;Strict Reanimator: Payoff","",80377,false,false,"Jason A. Engle"
"The Warring Triad",3,"Legendary Artifact Creature - God",,"fic","99",rare,null,Not Owned,Non-foil,mainboard,false,,,"Strict Artifacts: Enabler;Strict Graveyard Cast: Enabler;Strict Graveyard Types: Enabler;Strict Power 4+: Enabler;Strict Power Matters: Enabler;Strict Reanimator: Enabler","",140191,false,false,"Norikatsu Miyoshi"
"Summon: Kujata",6,"Enchantment Creature - Saga Ox",R,"fic","61",rare,null,Not Owned,Non-foil,mainboard,false,,,"Function: Interaction;Function: Value;Strict Blink: Payoff;Strict Damage: Enabler;Strict Discard: Enabler;Strict Discard: Payoff;Strict Draw: Enabler;Strict Enchantments: Enabler;Strict Graveyard Cast: Enabler;Strict Graveyard Types: Enabler;Strict Power 4+: Enabler;Strict Power Matters: Enabler;Strict Ramp: Glue;Strict Reanimator: Enabler","",140113,false,false,"Alexandre Honoré"
"Jenova, Ancient Calamity",4,"Legendary Creature - Alien",BG,"fin","228",rare,null,Not Owned,Non-foil,mainboard,false,,,"Function: Value;Strict Counters: Enabler;Strict Counters: Payoff;Strict Dies: Payoff;Strict Power Matters: Payoff","",141411,false,false,"Ignatius Budi"
"Once Upon a Time",2,"Instant",G,"eld","169",rare,null,Not Owned,Non-foil,mainboard,false,,,"Function: Value;Strict Noncreature: Enabler","",78478,false,false,"Matt Stewart"
"Abandon Attachments",2,"Instant - Lesson",RU,"tla","205",common,null,Not Owned,Non-foil,mainboard,false,,,"Function: Value;Strict Discard: Enabler;Strict Draw: Enabler;Strict Graveyard Cast: Enabler;Strict Graveyard Types: Enabler;Strict Noncreature: Enabler;Strict Reanimator: Enabler","",144900,false,false,"Shahab Alizadeh"
"Zurgo Bellstriker",1,"Legendary Creature - Orc Warrior",R,"dtk","169",rare,null,Not Owned,Non-foil,mainboard,false,,,"Function: Interaction","",56050,false,false,"Jason Rainville"
"Superior Spider-Man",4,"Legendary Creature - Spider Human Hero",BU,"spm","155",rare,null,Not Owned,Non-foil,mainboard,false,,,"Strict Humans: Enabler;Strict Power 4+: Enabler;Strict Power Matters: Enabler","",153553,false,false,"Carlos Dattoli"
"Sin, Spira's Punishment",7,"Legendary Creature - Leviathan Avatar",BGU,"fin","242",rare,null,Not Owned,Non-foil,mainboard,false,,,"Function: Value;Strict Attack: Enabler;Strict Blink: Payoff;Strict Power 4+: Enabler;Strict Power Matters: Enabler;Strict Ramp: Glue;Strict Tokens: Enabler","",141447,false,false,"John Tedrick"
"Robber of the Rich",2,"Creature - Human Archer Rogue",R,"eld","138",mythic,null,Not Owned,Non-foil,mainboard,false,,,"Function: Value;Strict Attack: Enabler;Strict Humans: Enabler","",78406,false,false,"Paul Scott Canavan"
"Unmarked Grave",2,"Sorcery",B,"mh2","106",rare,null,Not Owned,Non-foil,mainboard,false,,,"Function: Value;Strict Noncreature: Enabler","",90585,false,false,"James Paick"
"Ares, God of War",3,"Legendary Creature - God Warrior Villain",BR,"msh","202",rare,null,Not Owned,Non-foil,mainboard,false,,,"Strict Dies: Payoff;Strict Power 4+: Enabler;Strict Power Matters: Enabler","",152591,false,false,"Fesbra"
"Midnight Clock",3,"Artifact",U,"eld","54",rare,null,Not Owned,Non-foil,mainboard,false,,,"Function: Value;Strict Artifacts: Enabler;Strict Noncreature: Enabler;Strict Ramp: Enabler","",78218,false,false,"Alexander Forssberg"
"Gift of the Viper",1,"Instant",G,"mh3","156",common,null,Not Owned,Non-foil,mainboard,false,,,"Strict Counters: Enabler;Strict Noncreature: Enabler","",126329,false,false,"Madeline Boni"
"Seedship Impact",2,"Instant",G,"eoe","205",uncommon,null,Not Owned,Non-foil,mainboard,false,,,"Function: Interaction;Function: Value;Strict Noncreature: Enabler;Strict Tokens: Enabler","",143023,false,false,"Constantin Marin"
"Smuggler's Surprise",1,"Instant",G,"otj","180",rare,null,Not Owned,Non-foil,mainboard,false,,,"Function: Value;Strict Graveyard Cast: Enabler;Strict Graveyard Types: Enabler;Strict Noncreature: Enabler;Strict Power 4+: Payoff;Strict Reanimator: Enabler","",124271,false,false,"Jonas De Ro"
"Reclamation Sage",3,"Creature - Elf Shaman",G,"m15","194",uncommon,null,Not Owned,Non-foil,mainboard,false,,,"Function: Interaction;Strict Blink: Payoff","",53606,false,false,"Christopher Moeller"
"Environmental Scientist",2,"Creature - Human Druid",G,"sos","147",uncommon,null,Not Owned,Non-foil,mainboard,false,,,"Function: Value;Strict Blink: Payoff;Strict Humans: Enabler","",149793,false,false,"Piotr Dura"
"Mutagenic Growth",1,"Instant",G,"nph","116",common,null,Not Owned,Non-foil,mainboard,false,,,"Strict Noncreature: Enabler","",40000,false,false,"Dave Kendall"
"Delighted Halfling",1,"Creature - Halfling Citizen",G,"ltr","402",rare,null,Not Owned,Foil,mainboard,false,,,"Strict Five-Color Domain: Glue;Strict Ramp: Enabler","",111702,false,false,"Livia Prima"
"Badgermole Cub",2,"Creature - Badger Mole",G,"tla","167",mythic,null,Not Owned,Non-foil,mainboard,false,,,"Function: Value;Strict Blink: Payoff;Strict Ramp: Enabler","",144818,false,false,"Nathaniel Himawan"
"Black Cat, Cunning Thief",5,"Legendary Creature - Human Rogue Villain",B,"spm","52",rare,null,Not Owned,Non-foil,mainboard,false,,,"Function: Value;Strict Blink: Payoff;Strict Humans: Enabler;Strict Opponent Cards: Enabler","",153341,false,false,"Alessandra Pisano"
"Legion Extruder",2,"Artifact",R,"big","12",mythic,null,Not Owned,Non-foil,mainboard,false,,,"Function: Interaction;Function: Value;Strict Artifacts: Enabler;Strict Artifacts: Payoff;Strict Blink: Payoff;Strict Damage: Enabler;Strict Dies: Enabler;Strict Noncreature: Enabler;Strict Sacrifice: Enabler;Strict Tokens: Enabler","",125385,false,false,"Anton Solovianchyk"
"Devastating Onslaught",1,"Sorcery",R,"eoe","132",mythic,null,Not Owned,Non-foil,mainboard,false,,,"Function: Value;Strict Noncreature: Enabler;Strict Tokens: Enabler","",142877,false,false,"Chris Seaman"
"Valgavoth, Terror Eater",9,"Legendary Creature - Elder Demon",B,"dsk","120",mythic,null,Not Owned,Non-foil,mainboard,false,,,"Function: Value;Strict Lifegain: Enabler;Strict Opponent Cards: Enabler;Strict Power 4+: Enabler;Strict Power Matters: Enabler","",130371,false,false,"Antonio José Manzanedo"
"Platinum Angel",7,"Artifact Creature - Angel",,"mrd","228",rare,null,Not Owned,Non-foil,mainboard,false,,,"Strict Artifacts: Enabler;Strict Power 4+: Enabler;Strict Power Matters: Enabler;Strict Ramp: Glue","",19671,false,false,"Brom"
"Azula, Cunning Usurper",5,"Legendary Creature - Human Noble Rogue",BU,"tla","208",rare,null,Not Owned,Non-foil,mainboard,false,,,"Function: Interaction;Function: Value;Strict Blink: Payoff;Strict Humans: Enabler;Strict Opponent Cards: Enabler;Strict Power 4+: Enabler;Strict Power Matters: Enabler","",144908,false,false,"Evyn Fong"
"Chart a Course",2,"Sorcery",U,"xln","48",uncommon,null,Not Owned,Non-foil,mainboard,false,,,"Function: Value;Strict Discard: Enabler;Strict Draw: Enabler;Strict Graveyard Cast: Enabler;Strict Graveyard Types: Enabler;Strict Noncreature: Enabler;Strict Reanimator: Enabler","",65108,false,false,"James Ryman"
"Electroduplicate",3,"Sorcery",R,"fdn","85",rare,null,Not Owned,Non-foil,mainboard,false,,,"Function: Value;Strict Graveyard Cast: Payoff;Strict Noncreature: Enabler;Strict Tokens: Enabler","",133738,false,false,"Warren Mahy"
"Emeritus of Ideation",5,"Creature - Human Wizard",U,"sos","45",mythic,null,Not Owned,Non-foil,mainboard,false,,,"Function: Value;Strict Attack: Enabler;Strict Blink: Payoff;Strict Draw: Enabler;Strict Humans: Enabler;Strict Power 4+: Enabler;Strict Power Matters: Enabler","",149589,false,false,"Evyn Fong"
"Elves of Deep Shadow",1,"Creature - Elf Druid",G,"drk","76",uncommon,null,Not Owned,Non-foil,mainboard,false,,,"Strict Ramp: Enabler","",-1,false,false,"Jesper Myrfors"
"Song of the Dryads",3,"Enchantment - Aura",G,"c14","47",rare,null,Not Owned,Non-foil,mainboard,false,,,"Function: Interaction;Strict Enchantments: Enabler;Strict Noncreature: Enabler","",55149,false,false,"Lars Grant-West"
"Strago and Relm",3,"Legendary Creature - Human Wizard",R,"fic","59",rare,null,Not Owned,Non-foil,mainboard,false,,,"Function: Value;Strict Humans: Enabler;Strict Opponent Cards: Enabler","",140109,false,false,"Darius Zablockis"
"Conjurer's Closet",5,"Artifact",,"avr","214",rare,null,Not Owned,Non-foil,mainboard,false,,,"Function: Interaction;Strict Artifacts: Enabler;Strict Blink: Enabler;Strict Noncreature: Enabler","",43927,false,false,"Jason Felix"
"Yawgmoth's Will",3,"Sorcery",B,"usg","171",rare,null,Not Owned,Non-foil,mainboard,false,,,"Function: Value;Strict Graveyard Cast: Payoff;Strict Noncreature: Enabler","",12349,false,false,"Ron Spencer"
"Goldvein Hydra",1,"Creature - Hydra",G,"otj","167",mythic,null,Not Owned,Non-foil,mainboard,false,,,"Function: Value;Strict Artifacts: Enabler;Strict Counters: Enabler;Strict Dies: Payoff;Strict Power Matters: Payoff;Strict Tokens: Enabler","",124245,false,false,"David Auden Nash"
"Mox Opal",0,"Legendary Artifact",,"som","179",mythic,null,Not Owned,Non-foil,mainboard,false,,,"Strict Artifacts: Enabler;Strict Artifacts: Payoff;Strict Five-Color Domain: Glue;Strict Noncreature: Enabler;Strict Ramp: Enabler","",38197,false,false,"Volkan Baǵa"
"Last March of the Ents",8,"Sorcery",G,"ltr","172",mythic,null,Not Owned,Non-foil,mainboard,false,,,"Function: Value;Strict Noncreature: Enabler;Strict Ramp: Payoff","",112254,false,false,"John Tedrick"
"Selfless Squire",4,"Creature - Human Soldier",W,"c16","4",rare,null,Not Owned,Non-foil,mainboard,false,,,"Strict Blink: Payoff;Strict Counters: Enabler;Strict Humans: Enabler","",-1,false,false,"Tony Foti"
"Zopandrel, Hunger Dominus",7,"Legendary Creature - Phyrexian Horror",G,"one","195",mythic,null,Not Owned,Non-foil,mainboard,false,,,"Strict Power 4+: Enabler;Strict Power Matters: Enabler;Strict Power Matters: Payoff;Strict Ramp: Glue","",106605,false,false,"Antonio José Manzanedo"
"Otharri, Suns' Glory",5,"Legendary Creature - Phoenix",RW,"onc","3",mythic,null,Not Owned,Non-foil,mainboard,false,,,"Function: Value;Strict Attack: Enabler;Strict Attack: Glue;Strict Lifegain: Enabler;Strict Reanimator: Payoff;Strict Tokens: Enabler","",-1,false,false,"Marta Nael"
"Bone Sabres",3,"Artifact - Equipment",G,"40k","88",rare,null,Not Owned,Non-foil,mainboard,false,,,"Strict Artifacts: Enabler;Strict Attack: Enabler;Strict Counters: Enabler;Strict Equipment: Enabler;Strict Noncreature: Enabler","",108648,false,false,"David Auden Nash"
"Oko, Thief of Crowns",3,"Legendary Planeswalker - Oko",GU,"eld","197",mythic,null,Not Owned,Non-foil,mainboard,false,,,"Function: Interaction;Function: Value;Strict Artifacts: Enabler;Strict Noncreature: Enabler;Strict Theft: Enabler;Strict Tokens: Enabler","",78538,false,false,"Yongjae Choi"
"Deadeye Navigator",6,"Creature - Spirit",U,"avr","47",rare,null,Not Owned,Non-foil,mainboard,false,,,"Strict Blink: Enabler;Strict Power 4+: Enabler;Strict Power Matters: Enabler;Strict Ramp: Glue","",43913,false,false,"Tomasz Jedruszek"
"Starwinder",7,"Creature - Leviathan",U,"eoe","79",rare,null,Not Owned,Non-foil,mainboard,false,,,"Function: Value;Strict Combat Damage: Enabler;Strict Draw: Enabler;Strict Power 4+: Enabler;Strict Power Matters: Enabler","",142771,false,false,"Devin Elle Kurtz"
"Mystic Confluence",5,"Instant",U,"c15","14",rare,null,Not Owned,Non-foil,mainboard,false,,,"Function: Interaction;Function: Value;Strict Draw: Enabler;Strict Noncreature: Enabler","",-1,false,false,"Kieran Yanner"
"Shaman of the Great Hunt",4,"Creature - Orc Shaman",R,"frf","113",mythic,null,Not Owned,Non-foil,mainboard,false,,,"Function: Value;Strict Combat Damage: Enabler;Strict Counters: Enabler;Strict Draw: Enabler;Strict Power 4+: Enabler;Strict Power 4+: Payoff;Strict Power Matters: Enabler","",55576,false,false,"Ryan Alexander Lee"
"Mardu Siegebreaker",4,"Creature - Human Warrior",BRW,"tdm","206",rare,null,Not Owned,Non-foil,mainboard,false,,,"Function: Value;Strict Attack: Enabler;Strict Blink: Payoff;Strict Humans: Enabler;Strict Power 4+: Enabler;Strict Power Matters: Enabler;Strict Tokens: Enabler","",139373,false,false,"Chris Seaman"
"Mai, Scornful Striker",2,"Legendary Creature - Human Noble Ally",B,"tla","109",rare,null,Not Owned,Non-foil,mainboard,false,,,"Strict Humans: Enabler","",144698,false,false,"Hori Airi"
"Tarrian's Journal",2,"Legendary Artifact - Book",B,"lci","126",rare,null,Not Owned,Non-foil,mainboard,false,,,"Function: Value;Strict Artifacts: Enabler;Strict Dies: Enabler;Strict Discard: Enabler;Strict Draw: Enabler;Strict Graveyard Cast: Enabler;Strict Graveyard Cast: Payoff;Strict Graveyard Types: Enabler;Strict Noncreature: Enabler;Strict Ramp: Enabler;Strict Reanimator: Enabler;Strict Sacrifice: Enabler","",118058,false,false,"Randy Gallegos"
"The Earth King",4,"Legendary Creature - Human Noble Ally",G,"tla","172",rare,null,Not Owned,Non-foil,mainboard,false,,,"Function: Value;Strict Blink: Payoff;Strict Five-Color Domain: Enabler;Strict Humans: Enabler;Strict Landfall: Enabler;Strict Power 4+: Enabler;Strict Power 4+: Payoff;Strict Ramp: Enabler;Strict Tokens: Enabler","",144828,false,false,"Ryota Murayama"
"Assimilation Aegis",3,"Artifact - Equipment",UW,"otj","192",mythic,null,Not Owned,Non-foil,mainboard,false,,,"Function: Interaction;Strict Artifacts: Enabler;Strict Blink: Payoff;Strict Equipment: Enabler;Strict Noncreature: Enabler","",124295,false,false,"Matt Stewart"
"Booster Tutor",1,"Instant",B,"unh","51",uncommon,null,Not Owned,Non-foil,mainboard,false,,,"Function: Value;Strict Noncreature: Enabler","",-1,false,false,"Christopher Rush"
"Brass's Tunnel-Grinder",3,"Legendary Artifact",R,"lci","135",rare,null,Not Owned,Non-foil,mainboard,false,,,"Function: Value;Strict Artifacts: Enabler;Strict Blink: Payoff;Strict Discard: Enabler;Strict Draw: Enabler;Strict Graveyard Cast: Enabler;Strict Graveyard Types: Enabler;Strict Noncreature: Enabler;Strict Ramp: Enabler;Strict Reanimator: Enabler","",118082,false,false,"Cristi Balanescu"
"Breya's Apprentice",3,"Artifact Creature - Human Artificer",R,"mh2","117",rare,null,Not Owned,Non-foil,mainboard,false,,,"Function: Value;Strict Artifacts: Enabler;Strict Artifacts: Payoff;Strict Blink: Payoff;Strict Dies: Enabler;Strict Humans: Enabler;Strict Sacrifice: Enabler;Strict Tokens: Enabler","",90607,false,false,"Aleksi Briclot"
"The Everflowing Well",3,"Legendary Artifact",U,"lci","56",rare,null,Not Owned,Non-foil,mainboard,false,,,"Function: Value;Strict Artifacts: Enabler;Strict Blink: Payoff;Strict Draw: Enabler;Strict Graveyard Cast: Enabler;Strict Graveyard Types: Enabler;Strict Noncreature: Enabler;Strict Ramp: Enabler;Strict Reanimator: Enabler","",117904,false,false,"David Álvarez"
"Skysovereign, Consul Flagship",5,"Legendary Artifact - Vehicle",,"kld","234",mythic,null,Not Owned,Non-foil,mainboard,false,,,"Function: Interaction;Strict Artifacts: Enabler;Strict Attack: Enabler;Strict Blink: Payoff;Strict Damage: Enabler;Strict Noncreature: Enabler","",61795,false,false,"Jung Park"
"Jack-in-the-Mox",0,"Artifact",,"ugl","75",rare,null,Not Owned,Non-foil,mainboard,false,,,"Strict Artifacts: Enabler;Strict Noncreature: Enabler;Strict Ramp: Enabler","",-1,false,false,"Dan Frazier"
"Overlord of the Boilerbilges",6,"Enchantment Creature - Avatar Horror",R,"dsk","146",mythic,null,Not Owned,Non-foil,mainboard,false,,,"Function: Interaction;Strict Attack: Enabler;Strict Blink: Payoff;Strict Damage: Enabler;Strict Enchantments: Enabler;Strict Power 4+: Enabler;Strict Power Matters: Enabler","",130423,false,false,"Helge C. Balzer"
"Seasoned Pyromancer",3,"Creature - Human Shaman",R,"mh1","145",mythic,null,Not Owned,Non-foil,mainboard,false,,,"Function: Value;Strict Blink: Payoff;Strict Discard: Enabler;Strict Draw: Enabler;Strict Graveyard Cast: Enabler;Strict Graveyard Types: Enabler;Strict Humans: Enabler;Strict Reanimator: Enabler;Strict Tokens: Enabler","",72662,false,false,"Cynthia Sheppard"
"Aether Channeler",3,"Creature - Human Wizard",U,"dmu","42",rare,null,Not Owned,Non-foil,mainboard,false,,,"Function: Interaction;Function: Value;Strict Blink: Payoff;Strict Draw: Enabler;Strict Humans: Enabler;Strict Tokens: Enabler","",102560,false,false,"Caio Monteiro"
"Crackle with Power",2,"Sorcery",R,"stx","95",mythic,null,Not Owned,Non-foil,mainboard,false,,,"Function: Interaction;Strict Noncreature: Enabler","",88667,false,false,"Micah Epstein"
"Abstruse Appropriation",4,"Instant",,"mh3","177",rare,null,Not Owned,Non-foil,mainboard,false,,,"Function: Interaction;Function: Value;Strict Noncreature: Enabler","",126371,false,false,"Jason Rainville"
"Lutri, the Spellchaser",3,"Legendary Creature - Elemental Otter",RU,"iko","227",rare,null,Not Owned,Non-foil,mainboard,false,,,"Strict Blink: Payoff","",80463,false,false,"Lie Setiawan"
"Doors of Durin",5,"Legendary Artifact",GR,"ltr","199",rare,null,Not Owned,Non-foil,mainboard,false,,,"Strict Artifacts: Enabler;Strict Attack: Glue;Strict Noncreature: Enabler","",112308,false,false,"Marc Simonetti"
"Seaside Citadel",0,"Land",,"ala","229",uncommon,null,Not Owned,Non-foil,mainboard,false,,,"","",31015,false,false,"Volkan Baǵa"
"Savage Lands",0,"Land",,"ala","228",uncommon,null,Not Owned,Non-foil,mainboard,false,,,"","",30945,false,false,"Vance Kovacs"
"Savage Lands",0,"Land",,"ala","228",uncommon,null,Not Owned,Non-foil,mainboard,false,,,"","",30945,false,false,"Vance Kovacs"
"Stitch Together",2,"Sorcery",B,"jud","72",uncommon,null,Not Owned,Non-foil,mainboard,false,,,"Function: Value;Strict Noncreature: Enabler","",17494,false,false,"Arnie Swekel"
"Blue Mage's Cane",3,"Artifact - Equipment",U,"fic","35",rare,null,Not Owned,Non-foil,mainboard,false,,,"Strict Artifacts: Enabler;Strict Attack: Enabler;Strict Equipment: Enabler;Strict Noncreature: Enabler","",140061,false,false,"Eglė Mosakaitė"
"Dalek Drone",5,"Artifact Creature - Dalek",B,"who","64",rare,null,Not Owned,Non-foil,mainboard,false,,,"Function: Interaction;Strict Artifacts: Enabler;Strict Blink: Payoff","",-1,false,false,"Bartek Fedyczak"
"Priest of Fell Rites",2,"Creature - Human Warlock",BW,"mh2","208",rare,null,Not Owned,Non-foil,mainboard,false,,,"Function: Value;Strict Humans: Enabler;Strict Reanimator: Payoff","",90793,false,false,"Pauline Voss"
"Summon: Ixion",3,"Enchantment Creature - Saga Unicorn",W,"fic","27",rare,null,Not Owned,Non-foil,mainboard,false,,,"Function: Interaction;Strict Blink: Payoff;Strict Counters: Enabler;Strict Enchantments: Enabler;Strict Lifegain: Enabler","",140045,false,false,"Ben Wootten"
"The Falcon, Airship Restored",3,"Legendary Artifact - Vehicle",B,"fic","45",rare,null,Not Owned,Non-foil,mainboard,false,,,"Function: Value;Strict Artifacts: Enabler;Strict Combat Damage: Enabler;Strict Noncreature: Enabler;Strict Reanimator: Payoff","",140081,false,false,"Kotakan"
"General Ferrous Rokiric",3,"Legendary Creature - Human Soldier",RW,"mh2","198",rare,null,Not Owned,Non-foil,mainboard,false,,,"Function: Value;Strict Humans: Enabler;Strict Power 4+: Enabler;Strict Tokens: Enabler","",90773,false,false,"Matt Stewart"
"Sephiroth, Fallen Hero",5,"Legendary Creature - Human Avatar Soldier",RW,"fic","92",rare,null,Not Owned,Non-foil,mainboard,false,,,"Function: Value;Strict Attack: Enabler;Strict Dies: Enabler;Strict Equipment: Payoff;Strict Humans: Enabler;Strict Power 4+: Enabler;Strict Power Matters: Enabler;Strict Reanimator: Payoff;Strict Sacrifice: Enabler","",140177,false,false,"Ittoku"
"Yuffie, Materia Hunter",3,"Legendary Creature - Human Ninja",R,"fic","65",rare,null,Not Owned,Non-foil,mainboard,false,,,"Function: Interaction;Strict Blink: Payoff;Strict Equipment: Payoff;Strict Humans: Enabler;Strict Theft: Enabler","",140121,false,false,"Touge369"
"Umaro, Raging Yeti",6,"Legendary Creature - Yeti Berserker",R,"fic","63",rare,null,Not Owned,Non-foil,mainboard,false,,,"Function: Interaction;Function: Value;Strict Damage: Enabler;Strict Discard: Enabler;Strict Draw: Enabler;Strict Graveyard Cast: Enabler;Strict Graveyard Types: Enabler;Strict Power 4+: Enabler;Strict Power Matters: Enabler;Strict Ramp: Glue;Strict Reanimator: Enabler","",140117,false,false,"Norikatsu Miyoshi"
"Angel of the Ruins",7,"Artifact Creature - Angel",W,"c21","11",rare,null,Not Owned,Non-foil,mainboard,false,,,"Function: Interaction;Function: Value;Strict Artifacts: Enabler;Strict Blink: Payoff;Strict Discard: Enabler;Strict Graveyard Cast: Enabler;Strict Graveyard Types: Enabler;Strict Power 4+: Enabler;Strict Power Matters: Enabler;Strict Reanimator: Enabler","",89765,false,false,"Viko Menezes"
"See the Unwritten",6,"Sorcery",G,"ktk","149",mythic,null,Not Owned,Non-foil,mainboard,false,,,"Function: Value;Strict Noncreature: Enabler;Strict Power 4+: Payoff;Strict Ramp: Glue","",54408,false,false,"Ryan Barger"
"Talisman of Conviction",2,"Artifact",,"mh1","230",uncommon,null,Not Owned,Non-foil,mainboard,false,,,"Strict Artifacts: Enabler;Strict Noncreature: Enabler;Strict Ramp: Enabler","",72832,false,false,"Lindsey Look"
"Entomb",1,"Instant",B,"ody","132",rare,null,Not Owned,Non-foil,mainboard,false,,,"Function: Value;Strict Noncreature: Enabler","",17047,false,false,"Ron Spears"
"Summon: Magus Sisters",5,"Enchantment Creature - Saga Faerie",G,"fic","71",rare,null,Not Owned,Non-foil,mainboard,false,,,"Function: Interaction;Strict Blink: Payoff;Strict Counters: Enabler;Strict Enchantments: Enabler;Strict Lifegain: Enabler;Strict Power 4+: Enabler;Strict Power Matters: Enabler","",140133,false,false,"Rui Maruyama"
"Winter, Cynical Opportunist",4,"Legendary Creature - Human Warlock",BG,"dsc","7",mythic,null,Not Owned,Non-foil,mainboard,false,,,"Function: Value;Strict Attack: Enabler;Strict Graveyard Cast: Enabler;Strict Graveyard Types: Enabler;Strict Graveyard Types: Payoff;Strict Humans: Enabler;Strict Reanimator: Enabler","",131415,false,false,"Andrey Kuzinskiy"
"Nadu, Winged Wisdom",3,"Legendary Creature - Bird Wizard",GU,"mh3","193",rare,null,Not Owned,Non-foil,mainboard,false,,,"Function: Value","",126403,false,false,"Daren Bader"
"Hullbreaker Horror",7,"Creature - Kraken Horror",U,"vow","63",rare,null,Not Owned,Non-foil,mainboard,false,,,"Function: Interaction;Strict Power 4+: Enabler;Strict Power Matters: Enabler;Strict Ramp: Glue","",94432,false,false,"Svetlin Velinov"
"Leyline Binding",6,"Enchantment",W,"dmu","24",rare,null,Not Owned,Non-foil,mainboard,false,,,"Function: Interaction;Strict Blink: Payoff;Strict Enchantments: Enabler;Strict Five-Color Domain: Payoff;Strict Noncreature: Enabler","",102524,false,false,"Cristi Balanescu"
"Detective's Phoenix",3,"Enchantment Creature - Phoenix",R,"mh3","116",rare,null,Not Owned,Non-foil,mainboard,false,,,"Function: Value;Strict Enchantments: Enabler;Strict Graveyard Cast: Payoff","",126249,false,false,"Deruchenko Alexander"
"Scarlet Witch, Chaotic Avenger",4,"Legendary Creature - Mutant Warlock Hero",RU,"msc","93",rare,null,Not Owned,Non-foil,mainboard,false,,,"Function: Value;Strict Combat Damage: Enabler","",150625,false,false,"Solan"
"Inti, Seneschal of the Sun",2,"Legendary Creature - Human Knight",R,"lci","156",rare,null,Not Owned,Non-foil,mainboard,false,,,"Function: Value;Strict Counters: Enabler;Strict Discard: Enabler;Strict Discard: Payoff;Strict Graveyard Cast: Enabler;Strict Graveyard Types: Enabler;Strict Humans: Enabler;Strict Reanimator: Enabler","",118132,false,false,"Victor Adame Minguez"
"Orcish Bowmasters",2,"Creature - Orc Archer",B,"ltr","103",rare,null,Not Owned,Non-foil,mainboard,false,,,"Function: Interaction;Function: Value;Strict Blink: Payoff;Strict Damage: Enabler;Strict Draw: Enabler","",112116,false,false,"Maxim Kostin"
"Ancient Adamantoise",8,"Creature - Turtle",G,"fin","172",mythic,null,Not Owned,Non-foil,mainboard,false,,,"Function: Value;Strict Artifacts: Enabler;Strict Dies: Payoff;Strict Power 4+: Enabler;Strict Power Matters: Enabler;Strict Ramp: Payoff;Strict Tokens: Enabler","",141283,false,false,"Kevin Glint"
"Decadent Dragon",4,"Creature - Dragon",R,"woe","223",rare,null,Not Owned,Non-foil,mainboard,false,,,"Function: Value;Strict Artifacts: Enabler;Strict Attack: Enabler;Strict Opponent Cards: Enabler;Strict Power 4+: Enabler;Strict Power Matters: Enabler;Strict Tokens: Enabler","",116796,false,false,"Wylie Beckert"
"Avatar's Wrath",4,"Sorcery",W,"tla","12",rare,null,Not Owned,Non-foil,mainboard,false,,,"Function: Interaction;Strict Noncreature: Enabler;Strict Taxes: Enabler","",144500,false,false,"Ainezu"
"Braids, Cabal Minion",4,"Legendary Creature - Human Minion",B,"ody","117",rare,null,Not Owned,Non-foil,mainboard,false,,,"Function: Interaction;Strict Humans: Enabler","",16749,false,false,"Eric Peterson"
"Academy Manufactor",3,"Artifact Creature - Assembly-Worker",,"mh2","219",rare,null,Not Owned,Non-foil,mainboard,false,,,"Function: Value;Strict Artifacts: Enabler;Strict Tokens: Payoff","",90819,false,false,"Campbell White"
"Bilbo, Luckwearer",2,"Legendary Creature - Halfling Rogue",U,"hob","32",uncommon,null,Not Owned,Non-foil,mainboard,false,,,"Function: Value;Strict Combat Damage: Enabler;Strict Discard: Enabler;Strict Draw: Enabler;Strict Graveyard Cast: Enabler;Strict Graveyard Types: Enabler;Strict Reanimator: Enabler;Strict Theft: Enabler","",153982,false,false,"Anna Steinbauer"
"Enlightened Tutor",1,"Instant",W,"mir","14",uncommon,null,Not Owned,Non-foil,mainboard,false,,,"Function: Value;Strict Artifacts: Glue;Strict Noncreature: Enabler","",6947,false,false,"Dan Frazier"
"Origin of Metalbending",2,"Instant - Lesson",G,"tla","187",common,null,Not Owned,Non-foil,mainboard,false,,,"Function: Interaction;Strict Counters: Enabler;Strict Noncreature: Enabler","",144860,false,false,"Pauline Voss"
"Jumbo Cactuar",7,"Creature - Plant",G,"fin","191",rare,null,Not Owned,Non-foil,mainboard,false,,,"Strict Attack: Enabler;Strict Ramp: Glue","",141323,false,false,"Jason Kiantoro"
"Time of Need",2,"Sorcery",G,"chk","247",uncommon,null,Not Owned,Non-foil,mainboard,false,,,"Function: Value;Strict Noncreature: Enabler","",21283,false,false,"Dany Orizio"
"Shadow in the Warp",3,"Enchantment",GR,"40k","140",rare,null,Not Owned,Non-foil,mainboard,false,,,"Strict Damage: Enabler;Strict Enchantments: Enabler;Strict Noncreature: Enabler","",108752,false,false,"Kim Sokol"
"Flamerush Rider",5,"Creature - Human Warrior",R,"frf","99",rare,null,Not Owned,Non-foil,mainboard,false,,,"Function: Interaction;Function: Value;Strict Attack: Enabler;Strict Attack: Glue;Strict Humans: Enabler;Strict Tokens: Enabler","",55612,false,false,"Min Yum"
"Thriving Grove",0,"Land",,"jmp","34",common,null,Not Owned,Non-foil,mainboard,false,,,"","",81815,false,false,"Ravenna Tran"
"Thriving Isle",0,"Land",,"jmp","36",common,null,Not Owned,Non-foil,mainboard,false,,,"","",81819,false,false,"Jonas De Ro"
"Thriving Moor",0,"Land",,"jmp","37",common,null,Not Owned,Non-foil,mainboard,false,,,"","",81821,false,false,"Titus Lunter"
"Mog, Moogle Warrior",3,"Legendary Creature - Moogle Warrior",RW,"fic","89",rare,null,Not Owned,Non-foil,mainboard,false,,,"Function: Value;Strict Counters: Enabler;Strict Discard: Payoff;Strict Draw: Enabler;Strict Lifegain: Enabler;Strict Tokens: Enabler","",140171,false,false,"OTUMAMI"
"Gau, Feral Youth",2,"Legendary Creature - Human Berserker",R,"fic","55",rare,null,Not Owned,Non-foil,mainboard,false,,,"Strict Attack: Enabler;Strict Counters: Enabler;Strict Damage: Enabler;Strict Humans: Enabler;Strict Power Matters: Payoff","",140101,false,false,"Eglė Mosakaitė"
"Shadow, Mysterious Assassin",3,"Legendary Creature - Human Assassin",B,"fic","50",rare,null,Not Owned,Non-foil,mainboard,false,,,"Function: Value;Strict Combat Damage: Enabler;Strict Dies: Enabler;Strict Draw: Enabler;Strict Humans: Enabler;Strict Sacrifice: Enabler","",140091,false,false,"Wisnu Tan"
"Wakka, Devoted Guardian",4,"Legendary Creature - Human Warrior",GW,"fic","97",rare,null,Not Owned,Non-foil,mainboard,false,,,"Function: Interaction;Strict Combat Damage: Enabler;Strict Counters: Enabler;Strict Humans: Enabler;Strict Power 4+: Enabler;Strict Power Matters: Enabler","",140187,false,false,"Kieran Yanner"
"Evolving Wilds",0,"Land",,"roe","228",common,null,Not Owned,Non-foil,mainboard,false,,,"Function: Value;Strict Five-Color Domain: Enabler;Strict Landfall: Enabler","",36440,false,false,"Steven Belledin"
"Narfi, Betrayer King",5,"Legendary Snow Creature - Zombie Wizard",BU,"khm","224",uncommon,null,Not Owned,Non-foil,mainboard,false,,,"Function: Value;Strict Power 4+: Enabler;Strict Power Matters: Enabler;Strict Reanimator: Payoff","",87791,false,false,"Daarken"
"Sabin, Master Monk",5,"Legendary Creature - Human Noble Monk",R,"fic","57",rare,null,Not Owned,Non-foil,mainboard,false,,,"Function: Value;Strict Discard: Enabler;Strict Graveyard Cast: Enabler;Strict Graveyard Cast: Payoff;Strict Graveyard Types: Enabler;Strict Humans: Enabler;Strict Power 4+: Enabler;Strict Power Matters: Enabler;Strict Reanimator: Enabler","",140105,false,false,"Kevin Glint"
"Terramorphic Expanse",0,"Land",,"tsp","279",common,null,Not Owned,Non-foil,mainboard,false,,,"Function: Value;Strict Five-Color Domain: Enabler;Strict Landfall: Enabler","",25785,false,false,"Dan Murayama Scott"
"Exalted Flamer of Tzeentch",4,"Creature - Demon",RU,"40k","119",rare,null,Not Owned,Non-foil,mainboard,false,,,"Function: Value;Strict Damage: Enabler","",108710,false,false,"Alexey Kruglov"
"Talisman of Hierarchy",2,"Artifact",,"mh1","233",uncommon,null,Not Owned,Non-foil,mainboard,false,,,"Strict Artifacts: Enabler;Strict Noncreature: Enabler;Strict Ramp: Enabler","",72838,false,false,"Lindsey Look"
"Talisman of Progress",2,"Artifact",,"mrd","256",uncommon,null,Not Owned,Non-foil,mainboard,false,,,"Strict Artifacts: Enabler;Strict Noncreature: Enabler;Strict Ramp: Enabler","",19677,false,false,"Mike Dringenberg"
"Talisman of Indulgence",2,"Artifact",,"mrd","255",uncommon,null,Not Owned,Non-foil,mainboard,false,,,"Strict Artifacts: Enabler;Strict Noncreature: Enabler;Strict Ramp: Enabler","",19681,false,false,"Mike Dringenberg"
"Ash Barrens",0,"Land",,"c16","56",common,null,Not Owned,Non-foil,mainboard,false,,,"Function: Value;Strict Discard: Enabler;Strict Graveyard Cast: Enabler;Strict Graveyard Types: Enabler;Strict Reanimator: Enabler","",-1,false,false,"Jonas De Ro"
"Xu-Ifit, Osteoharmonist",3,"Legendary Creature - Human Wizard",B,"eoe","127",rare,null,Not Owned,Non-foil,mainboard,false,,,"Function: Value;Strict Humans: Enabler;Strict Reanimator: Payoff","",142867,false,false,"Michal Ivan"
"Demonic Tutor",2,"Sorcery",B,"lea","104",uncommon,null,Not Owned,Non-foil,mainboard,false,,,"Function: Value;Strict Noncreature: Enabler","",-1,false,false,"Douglas Shuler"
"Vampiric Tutor",1,"Instant",B,"vis","72",rare,null,Not Owned,Non-foil,mainboard,false,,,"Function: Value;Strict Noncreature: Enabler","",7777,false,false,"Gary Leach"
"Imperial Seal",1,"Sorcery",B,"ptk","78",rare,null,Not Owned,Non-foil,mainboard,false,,,"Function: Value;Strict Noncreature: Enabler","",-1,false,false,"Li Tie"
"Worldly Tutor",1,"Instant",G,"mir","255",uncommon,null,Not Owned,Non-foil,mainboard,false,,,"Function: Value;Strict Noncreature: Enabler","",7445,false,false,"David O'Connor"
"Enlightened Tutor",1,"Instant",W,"mir","14",uncommon,null,Not Owned,Non-foil,mainboard,false,,,"Function: Value;Strict Artifacts: Glue;Strict Noncreature: Enabler","",6947,false,false,"Dan Frazier"
"Twilight's Call",6,"Sorcery",B,"inv","130",rare,null,Not Owned,Non-foil,mainboard,false,,,"Function: Value;Strict Noncreature: Enabler;Strict Ramp: Glue","",14645,false,false,"Mark Romanoski"
"Graveyard Trespasser",3,"Creature - Human Werewolf",B,"mid","104",rare,null,Not Owned,Non-foil,mainboard,false,,,"Strict Attack: Enabler;Strict Blink: Payoff;Strict Humans: Enabler;Strict Lifegain: Enabler","",93164,false,false,"Chris Rallis"
"Cankerbloom",2,"Creature - Phyrexian Fungus",G,"one","161",uncommon,null,Not Owned,Non-foil,mainboard,false,,,"Function: Interaction;Strict Counters: Glue","",106537,false,false,"Nicholas Gregory"
"Timetwister",3,"Sorcery",U,"lea","84",rare,null,Not Owned,Non-foil,mainboard,false,,,"Function: Value;Strict Noncreature: Enabler","",819,false,false,"Mark Tedin"
"Wheel of Fortune",3,"Sorcery",R,"lea","183",rare,null,Not Owned,Non-foil,mainboard,false,,,"Function: Value;Strict Noncreature: Enabler","",-1,false,false,"Daniel Gelon"
"Saw in Half",3,"Instant",B,"unf","88",rare,null,Not Owned,Non-foil,mainboard,false,,,"Function: Interaction;Strict Noncreature: Enabler","",115698,false,false,"Sebastian Giacobino"
"Gamble",1,"Sorcery",R,"usg","188",rare,null,Not Owned,Non-foil,mainboard,false,,,"Function: Value;Strict Discard: Enabler;Strict Graveyard Cast: Enabler;Strict Graveyard Types: Enabler;Strict Noncreature: Enabler;Strict Reanimator: Enabler","",12067,false,false,"Andrew Goldhawk"
"Elesh Norn, Grand Cenobite",7,"Legendary Creature - Phyrexian Praetor",W,"nph","9",mythic,null,Not Owned,Non-foil,mainboard,false,,,"Function: Interaction;Strict Power 4+: Enabler;Strict Power Matters: Enabler;Strict Ramp: Glue","",39712,false,false,"Igor Kieryluk"
"Unearth",1,"Sorcery",B,"ulg","72",common,null,Not Owned,Non-foil,mainboard,false,,,"Function: Value;Strict Discard: Enabler;Strict Graveyard Cast: Enabler;Strict Graveyard Types: Enabler;Strict Noncreature: Enabler;Strict Reanimator: Enabler;Strict Reanimator: Payoff","",12585,false,false,"Don Hazeltine"
"Birthing Pod",4,"Artifact",G,"nph","104",rare,null,Not Owned,Non-foil,mainboard,false,,,"Function: Value;Strict Artifacts: Enabler;Strict Dies: Enabler;Strict Graveyard Cast: Enabler;Strict Graveyard Types: Enabler;Strict Noncreature: Enabler;Strict Reanimator: Enabler;Strict Sacrifice: Enabler","",39796,false,false,"Daarken"
"Elspeth Conquers Death",5,"Enchantment - Saga",W,"thb","13",rare,null,Not Owned,Non-foil,mainboard,false,,,"Function: Interaction;Function: Value;Strict Blink: Payoff;Strict Counters: Enabler;Strict Enchantments: Enabler;Strict Noncreature: Enabler;Strict Reanimator: Payoff;Strict Taxes: Enabler","",79150,false,false,"Ryan Yee"
"Ragged Short Spear",2,"Artifact - Equipment",R,"hob","108",common,null,Not Owned,Non-foil,mainboard,false,,,"Function: Value;Strict Artifacts: Enabler;Strict Blink: Payoff;Strict Discard: Enabler;Strict Draw: Enabler;Strict Equipment: Enabler;Strict Graveyard Cast: Enabler;Strict Graveyard Types: Enabler;Strict Noncreature: Enabler;Strict Reanimator: Enabler","",154150,false,false,"Miklós Ligeti"
"Morska, Undersea Sleuth",3,"Legendary Creature - Vedalken Fish Detective",GUW,"mkc","3",mythic,null,Not Owned,Non-foil,mainboard,false,,,"Function: Value;Strict Counters: Enabler;Strict Draw: Payoff","",122864,false,false,"Ekaterina Burmak"
"Morlun, Devourer of Spiders",2,"Legendary Creature - Vampire Villain",B,"spm","59",rare,null,Not Owned,Non-foil,mainboard,false,,,"Strict Blink: Payoff;Strict Counters: Enabler;Strict Damage: Enabler;Strict Lifegain: Enabler","",153357,false,false,"Randy Gallegos"
"Runescale Stormbrood",4,"Creature - Dragon",R,"tdm","221",uncommon,null,Not Owned,Non-foil,mainboard,false,,,"Function: Interaction;Strict Noncreature: Payoff","",139405,false,false,"Loïc Canavaggia"
"Emrakul, the Promised End",13,"Legendary Creature - Eldrazi",,"emn","6",mythic,null,Not Owned,Non-foil,mainboard,false,,,"Strict Power 4+: Enabler;Strict Power Matters: Enabler","",61068,false,false,"Jaime Jones"
"Thundering Falls",0,"Land - Island Mountain",,"mkm","269",rare,null,Not Owned,Non-foil,mainboard,false,,,"Strict Five-Color Domain: Enabler","",122030,false,false,"Grady Frederick"
"Crumbling Necropolis",0,"Land",,"ala","222",uncommon,null,Not Owned,Non-foil,mainboard,false,,,"","",31183,false,false,"Dave Kendall"
"Bolas's Citadel",6,"Legendary Artifact",B,"war","79",rare,null,Not Owned,Non-foil,mainboard,false,,,"Function: Value;Strict Artifacts: Enabler;Strict Noncreature: Enabler","",71764,false,false,"Jonas De Ro"
"Miles Morales",2,"Legendary Creature - Human Citizen Hero",G,"spm","211",mythic,null,Owned,Foil,mainboard,false,,,"Strict Blink: Payoff;Strict Counters: Enabler;Strict Counters: Payoff;Strict Humans: Enabler","",153799,false,false,"Ivan Shavrin"
"Jill, Shiva's Dominant",3,"Legendary Creature - Human Noble Warrior",U,"fin","523",rare,null,Owned,Foil,mainboard,false,,,"Function: Interaction;Strict Blink: Payoff;Strict Combat Damage: Glue;Strict Humans: Enabler","",-1,false,false,"Rika Suzuki"
"Loot, the Pathfinder",5,"Legendary Creature - Beast Noble",GRU,"dft","212",mythic,null,Not Owned,Non-foil,mainboard,false,,,"Function: Interaction;Function: Value;Strict Damage: Enabler;Strict Draw: Enabler;Strict Ramp: Enabler","",136547,false,false,"Ernanda Souza"
"Banon, the Returners' Leader",2,"Legendary Creature - Human Cleric Rebel",RW,"fic","78",rare,null,Not Owned,Non-foil,mainboard,false,,,"Function: Value;Strict Draw: Enabler;Strict Humans: Enabler","",140147,false,false,"Daniel Landerman"
"Suplex",2,"Sorcery",R,"fin","164",common,null,Not Owned,Non-foil,mainboard,false,,,"Function: Interaction;Strict Damage: Enabler;Strict Noncreature: Enabler","",141267,false,false,"Fang Xinyu"
"Joshua, Phoenix's Dominant",3,"Legendary Creature - Human Noble Wizard",RW,"fin","229",rare,null,Not Owned,Non-foil,mainboard,false,,,"Function: Value;Strict Blink: Payoff;Strict Damage: Enabler;Strict Draw: Enabler;Strict Humans: Enabler;Strict Lifegain: Enabler;Strict Reanimator: Payoff","",141413,false,false,"Lius Lasahido"
"Flash",2,"Instant",U,"mir","66",rare,null,Not Owned,Non-foil,mainboard,false,,,"Strict Noncreature: Enabler","",6981,false,false,"David Ho"
"Maelstrom Wanderer",8,"Legendary Creature - Elemental",GRU,"pc2","101",mythic,null,Not Owned,Non-foil,mainboard,false,,,"Function: Value;Strict Power 4+: Enabler;Strict Power Matters: Enabler;Strict Ramp: Payoff","",45062,false,false,"Thomas M. Baxa"
"The Coming of Galactus",5,"Enchantment - Saga",BG,"msh","212",mythic,null,Not Owned,Non-foil,mainboard,false,,,"Function: Interaction;Function: Value;Strict Attack: Enabler;Strict Blink: Payoff;Strict Enchantments: Enabler;Strict Noncreature: Enabler;Strict Tokens: Enabler","",152611,false,false,"Serena Malyon"
"Preacher of the Schism",3,"Creature - Vampire Cleric",B,"lci","113",rare,null,Not Owned,Non-foil,mainboard,false,,,"Function: Value;Strict Attack: Enabler;Strict Draw: Enabler;Strict Tokens: Enabler","",118032,false,false,"Donato Giancola"
"Tersa Lightshatter",3,"Legendary Creature - Orc Wizard",R,"tdm","127",rare,null,Not Owned,Non-foil,mainboard,false,,,"Function: Value;Strict Attack: Enabler;Strict Blink: Payoff;Strict Draw: Enabler","",139209,false,false,"Olivier Bernard"
"Golden Argosy",4,"Legendary Artifact - Vehicle",,"dmu","230",rare,null,Not Owned,Non-foil,mainboard,false,,,"Strict Artifacts: Enabler;Strict Attack: Enabler;Strict Blink: Enabler;Strict Noncreature: Enabler","",102936,false,false,"Daniel Ljunggren"
"Summon: Yojimbo",4,"Enchantment Creature - Saga Samurai",W,"fic","28",rare,null,Not Owned,Non-foil,mainboard,false,,,"Function: Interaction;Function: Value;Strict Artifacts: Enabler;Strict Blink: Payoff;Strict Enchantments: Enabler;Strict Power 4+: Enabler;Strict Power 4+: Payoff;Strict Power Matters: Enabler;Strict Tokens: Enabler","",140047,false,false,"Benjamin Ee"
"Fireflux Squad",4,"Creature - Human Soldier",R,"c20","51",rare,null,Not Owned,Non-foil,mainboard,false,,,"Function: Value;Strict Attack: Enabler;Strict Attack: Glue;Strict Humans: Enabler;Strict Power 4+: Enabler;Strict Power Matters: Enabler","",80683,false,false,"Kieran Yanner"
"Venat, Heart of Hydaelyn",3,"Legendary Creature - Elder Wizard",W,"fin","39",rare,null,Not Owned,Non-foil,mainboard,false,,,"Function: Interaction;Function: Value;Strict Counters: Enabler;Strict Draw: Enabler","",141001,false,false,"Colin Boyer"
"Wildfire Devils",4,"Creature - Devil",R,"c19","30",rare,null,Not Owned,Non-foil,mainboard,false,,,"Strict Blink: Payoff;Strict Opponent Cards: Enabler;Strict Power 4+: Enabler;Strict Power Matters: Enabler","",77114,false,false,"Izzy"
"Golos, Tireless Pilgrim",5,"Legendary Artifact Creature - Scout",,"m20","226",rare,null,Not Owned,Non-foil,mainboard,false,,,"Function: Value;Strict Artifacts: Enabler;Strict Blink: Payoff;Strict Five-Color Domain: Payoff;Strict Landfall: Enabler;Strict Ramp: Enabler","",73351,false,false,"Joseph Meehan"
"Come Back Wrong",3,"Sorcery",B,"dsk","86",rare,null,Not Owned,Non-foil,mainboard,false,,,"Function: Interaction;Strict Noncreature: Enabler","",130303,false,false,"David Auden Nash"
"Intuition",3,"Instant",U,"tmp","70",rare,null,Not Owned,Non-foil,mainboard,false,,,"Function: Value;Strict Noncreature: Enabler","",9897,false,false,"April Lee"
"Ugin, the Spirit Dragon",8,"Legendary Planeswalker - Ugin",,"frf","1",mythic,null,Not Owned,Non-foil,mainboard,false,,,"Function: Interaction;Function: Value;Strict Damage: Enabler;Strict Lifegain: Enabler;Strict Noncreature: Enabler;Strict Ramp: Payoff","",55364,false,false,"Raymond Swanland"
"Mox Emerald",0,"Artifact",,"lea","261",rare,null,Not Owned,Non-foil,mainboard,false,,,"Strict Artifacts: Enabler;Strict Noncreature: Enabler;Strict Ramp: Enabler","",647,false,false,"Dan Frazier"
"Elvish Mystic",1,"Creature - Elf Druid",G,"sld","805",rare,null,Not Owned,Non-foil,mainboard,false,,,"Strict Ramp: Enabler","",-1,false,false,"Ekaterina Burmak"
"Summon: Primal Odin",6,"Enchantment Creature - Saga Knight",B,"fin","121",rare,null,Not Owned,Non-foil,mainboard,false,,,"Function: Interaction;Function: Value;Strict Blink: Payoff;Strict Combat Damage: Enabler;Strict Draw: Enabler;Strict Enchantments: Enabler;Strict Power 4+: Enabler;Strict Power Matters: Enabler;Strict Ramp: Glue","",141173,false,false,"Nino Is"
"Cursed Recording",4,"Artifact",R,"dsk","131",rare,null,Not Owned,Non-foil,mainboard,false,,,"Strict Artifacts: Enabler;Strict Noncreature: Enabler","",130393,false,false,"Kim Sokol"
"Weeping Angel",3,"Artifact Creature - Alien Angel",BU,"who","168",rare,null,Not Owned,Non-foil,mainboard,false,,,"Function: Interaction;Strict Artifacts: Enabler","",-1,false,false,"Anato Finnstark"
"Ray Fillet, Wave Warrior",3,"Legendary Creature - Fish Mutant",U,"tmc","14",rare,null,Not Owned,Non-foil,mainboard,false,,,"Function: Value;Strict Combat Damage: Enabler;Strict Counters: Enabler;Strict Counters: Payoff;Strict Draw: Enabler","",147357,false,false,"Brian Valeza"
"The One Ring",4,"Legendary Artifact",,"ltr","246",mythic,null,Not Owned,Non-foil,mainboard,false,,,"Function: Value;Strict Artifacts: Enabler;Strict Blink: Payoff;Strict Draw: Enabler;Strict Noncreature: Enabler","",112402,false,false,"Veli Nyström"
"Sazh's Chocobo",1,"Creature - Bird",G,"fin","200",uncommon,null,Not Owned,Non-foil,mainboard,false,,,"Strict Counters: Enabler;Strict Landfall: Payoff","",141341,false,false,"Domenico Cava"
"Adeline, Resplendent Cathar",3,"Legendary Creature - Human Knight",W,"mid","1",rare,null,Not Owned,Non-foil,mainboard,false,,,"Function: Value;Strict Attack: Glue;Strict Humans: Enabler;Strict Power Matters: Enabler;Strict Tokens: Enabler","",92916,false,false,"Bryan Sola"
"Zimone, Paradox Sculptor",4,"Legendary Creature - Human Wizard",GU,"fdn","126",mythic,null,Not Owned,Non-foil,mainboard,false,,,"Strict Counters: Enabler;Strict Counters: Payoff;Strict Humans: Enabler","",133820,false,false,"Nathaniel Himawan"
"Night's Whisper",2,"Sorcery",B,"5dn","55",uncommon,null,Not Owned,Non-foil,mainboard,false,,,"Function: Value;Strict Draw: Enabler;Strict Noncreature: Enabler","",20816,false,false,"David Martin"
"Pest Infestation",1,"Sorcery",G,"c21","65",rare,null,Not Owned,Non-foil,mainboard,false,,,"Function: Interaction;Function: Value;Strict Dies: Payoff;Strict Lifegain: Enabler;Strict Noncreature: Enabler;Strict Tokens: Enabler","",89873,false,false,"Brian Valeza"
"Virus Beetle",2,"Artifact Creature - Insect",B,"neo","128",common,null,Not Owned,Non-foil,mainboard,false,,,"Strict Artifacts: Enabler;Strict Blink: Payoff","",97184,false,false,"Dan Murayama Scott"
"United Front",2,"Sorcery",W,"tla","39",mythic,null,Not Owned,Non-foil,mainboard,false,,,"Function: Value;Strict Counters: Enabler;Strict Noncreature: Enabler;Strict Tokens: Enabler","",144556,false,false,"Mengxuan Li"
"Avatar Kyoshi, Earthbender",8,"Legendary Creature - Human Avatar",G,"tle","130",mythic,null,Not Owned,Non-foil,mainboard,false,,,"Strict Humans: Enabler;Strict Power 4+: Enabler;Strict Power Matters: Enabler;Strict Ramp: Payoff","",145658,false,false,"Tetsuko"
"Spider-Man India",5,"Legendary Creature - Spider Human Hero",GW,"spm","151",uncommon,null,Not Owned,Non-foil,mainboard,false,,,"Function: Interaction;Strict Counters: Enabler;Strict Humans: Enabler;Strict Power 4+: Enabler;Strict Power Matters: Enabler","",153545,false,false,"Lie Setiawan"
"Soul Immolation",5,"Sorcery",R,"ecl","156",mythic,null,Not Owned,Non-foil,mainboard,false,,,"Function: Interaction;Strict Damage: Enabler;Strict Noncreature: Enabler","",146703,false,false,"Drew Tucker"
"Earth's Mightiest Heroes",6,"Sorcery",G,"msh","165",mythic,null,Not Owned,Non-foil,mainboard,false,,,"Function: Value;Strict Noncreature: Enabler;Strict Ramp: Glue","",152517,false,false,"Steve Morris"
"Green Sun's Twilight",1,"Sorcery",G,"one","169",rare,null,Not Owned,Non-foil,mainboard,false,,,"Function: Value;Strict Landfall: Enabler;Strict Noncreature: Enabler","",106553,false,false,"Yeong-Hao Han"
"Entrapment Maneuver",4,"Instant",W,"c16","2",rare,null,Not Owned,Non-foil,mainboard,false,,,"Function: Interaction;Function: Value;Strict Noncreature: Enabler;Strict Tokens: Enabler","",-1,false,false,"Filip Burburan"
"Intuition",3,"Instant",U,"tmp","70",rare,null,Not Owned,Non-foil,mainboard,false,,,"Function: Value;Strict Noncreature: Enabler","",9897,false,false,"April Lee"
"Proft's Eidetic Memory",2,"Legendary Enchantment",U,"mkm","67",rare,null,Not Owned,Non-foil,mainboard,false,,,"Function: Value;Strict Blink: Payoff;Strict Counters: Enabler;Strict Draw: Enabler;Strict Enchantments: Enabler;Strict Noncreature: Enabler","",121620,false,false,"Julie Dillon"
"Chocobo Knights",4,"Creature - Human Knight",W,"fic","12",rare,null,Not Owned,Non-foil,mainboard,false,,,"Strict Humans: Enabler","",140015,false,false,"Néstor Ossandón Leal"
"Abandoned Air Temple",0,"Land",,"tla","263",rare,null,Not Owned,Non-foil,mainboard,false,,,"Strict Counters: Enabler","",145018,false,false,"Dom Lay"
"Incarnation Technique",5,"Sorcery",B,"c21","41",rare,null,Not Owned,Non-foil,mainboard,false,,,"Function: Value;Strict Graveyard Cast: Enabler;Strict Graveyard Types: Enabler;Strict Noncreature: Enabler;Strict Reanimator: Enabler;Strict Reanimator: Payoff","",89825,false,false,"Alexander Mokhov"
"Golden Argosy",4,"Legendary Artifact - Vehicle",,"dmu","230",rare,null,Not Owned,Non-foil,mainboard,false,,,"Strict Artifacts: Enabler;Strict Attack: Enabler;Strict Blink: Enabler;Strict Noncreature: Enabler","",102936,false,false,"Daniel Ljunggren"
"Voyager Staff",1,"Artifact",,"rav","274",uncommon,null,Not Owned,Non-foil,mainboard,false,,,"Function: Interaction;Strict Artifacts: Enabler;Strict Noncreature: Enabler","",23360,false,false,"Tsutomu Kawade"
"The Mechanist, Aerial Artisan",3,"Legendary Creature - Human Artificer Ally",U,"tla","64",rare,null,Not Owned,Non-foil,mainboard,false,,,"Function: Value;Strict Artifacts: Enabler;Strict Humans: Enabler;Strict Noncreature: Payoff;Strict Tokens: Enabler","",144608,false,false,"Le Vuong"
"Raph & Mikey, Troublemakers",7,"Legendary Creature - Mutant Ninja Turtle",GR,"tmt","167",rare,null,Not Owned,Non-foil,mainboard,false,,,"Function: Value;Strict Attack: Glue;Strict Power 4+: Enabler;Strict Power Matters: Enabler;Strict Ramp: Glue","",147957,false,false,"Aaron J. Riley"
"Michelangelo, Improviser",4,"Legendary Creature - Mutant Ninja Turtle",G,"tmt","119",mythic,null,Not Owned,Non-foil,mainboard,false,,,"Function: Interaction;Strict Combat Damage: Enabler;Strict Landfall: Enabler;Strict Power 4+: Enabler;Strict Power Matters: Enabler","",147861,false,false,"Narendra Bintara Adi"
"Formidable Speaker",3,"Creature - Elf Druid",G,"ecl","176",rare,null,Not Owned,Non-foil,mainboard,false,,,"Function: Value;Strict Blink: Payoff;Strict Discard: Enabler;Strict Graveyard Cast: Enabler;Strict Graveyard Types: Enabler;Strict Reanimator: Enabler","",146743,false,false,"Aurore Folny"
"Magmablood Archaic",6,"Creature - Avatar",R,"sos","123",rare,null,Not Owned,Non-foil,mainboard,false,,,"Strict Counters: Enabler;Strict Five-Color Domain: Payoff","",149745,false,false,"Joshua Raphael"
"Embereth Shieldbreaker",2,"Creature - Human Knight",R,"eld","122",uncommon,null,Not Owned,Non-foil,mainboard,false,,,"Function: Interaction;Strict Humans: Enabler","",78368,false,false,"Randy Vargas"
"Fight for the Throne",2,"Instant",G,"msc","65",rare,null,Not Owned,Non-foil,mainboard,false,,,"Function: Interaction;Function: Value;Strict Counters: Enabler;Strict Noncreature: Enabler","",150569,false,false,"Le Vuong"
"Epic Downfall",2,"Sorcery",B,"eld","85",uncommon,null,Not Owned,Non-foil,mainboard,false,,,"Function: Interaction;Strict Noncreature: Enabler","",78282,false,false,"Eric Deschamps"
"Traumatic Critique",2,"Instant",RU,"sos","239",rare,null,Not Owned,Non-foil,mainboard,false,,,"Function: Interaction;Function: Value;Strict Damage: Enabler;Strict Discard: Enabler;Strict Draw: Enabler;Strict Graveyard Cast: Enabler;Strict Graveyard Types: Enabler;Strict Noncreature: Enabler;Strict Reanimator: Enabler","",149977,false,false,"Aaron Miller"
"Master of Death",3,"Creature - Zombie Wizard",BU,"mh2","205",rare,null,Not Owned,Non-foil,mainboard,false,,,"Function: Value;Strict Blink: Payoff","",90787,false,false,"John Stanko"
"Turncoat Kunoichi",3,"Creature - Mutant Ninja Fox",W,"tmt","26",rare,null,Not Owned,Non-foil,mainboard,false,,,"Function: Interaction;Strict Blink: Payoff","",147675,false,false,"Manuel Castañón"
"Gobland",0,"Land Creature - Mountain Goblin",R,"mb2","563",rare,null,Not Owned,Non-foil,mainboard,false,,,"","",-1,false,false,"Anik Sikder"
"Decorum Dissertation",5,"Sorcery - Lesson",B,"sos","78",mythic,null,Not Owned,Non-foil,mainboard,false,,,"Function: Value;Strict Draw: Enabler;Strict Noncreature: Enabler","",149655,false,false,"Mila Pesic"
"Emeritus of Abundance",3,"Creature - Elf Druid",G,"sos","145",mythic,null,Not Owned,Non-foil,mainboard,false,,,"Function: Value;Strict Attack: Enabler;Strict Blink: Payoff","",149789,false,false,"Justyna Dura"
"Setzer, Wandering Gambler",3,"Legendary Creature - Human Rogue Pilot",BR,"fic","93",rare,null,Not Owned,Non-foil,mainboard,false,,,"Function: Value;Strict Artifacts: Enabler;Strict Blink: Payoff;Strict Combat Damage: Enabler;Strict Humans: Enabler;Strict Tokens: Enabler","",140179,false,false,"Norikatsu Miyoshi"
"Improvisation Capstone",7,"Sorcery - Lesson",R,"sos","120",mythic,null,Not Owned,Non-foil,mainboard,false,,,"Function: Value;Strict Noncreature: Enabler","",149739,false,false,"Marta Nael"
"Restoration Seminar",7,"Sorcery - Lesson",W,"sos","30",mythic,null,Not Owned,Non-foil,mainboard,false,,,"Function: Value;Strict Noncreature: Enabler;Strict Ramp: Glue;Strict Reanimator: Payoff","",149559,false,false,"Josu Hernaiz"
"Figure of Fable",1,"Creature - Kithkin",GW,"ecl","224",rare,null,Not Owned,Non-foil,mainboard,false,,,"","",146841,false,false,"Omar Rayyan"
"The Colossal Dreadmaw",6,"Legendary Creature - Dinosaur",G,"unk","RG06b",rare,null,Not Owned,Non-foil,mainboard,false,,,"Strict Power 4+: Enabler;Strict Power Matters: Enabler;Strict Ramp: Glue","",-1,false,false,""
"Germination Practicum",5,"Sorcery - Lesson",G,"sos","149",mythic,null,Not Owned,Non-foil,mainboard,false,,,"Strict Counters: Enabler;Strict Noncreature: Enabler","",149797,false,false,"Johan Grenier"
"Don & Leo, Problem Solvers",5,"Legendary Creature - Mutant Ninja Turtle",UW,"tmt","143",rare,null,Not Owned,Non-foil,mainboard,false,,,"Strict Blink: Enabler;Strict Power 4+: Enabler;Strict Power Matters: Enabler","",147909,false,false,"Néstor Ossandón Leal"
"Slash, Reptile Rampager",5,"Legendary Creature - Mutant Berserker Turtle",R,"tmt","108",rare,null,Not Owned,Non-foil,mainboard,false,,,"Function: Value;Strict Attack: Enabler;Strict Blink: Payoff;Strict Damage: Enabler;Strict Power 4+: Enabler;Strict Power Matters: Enabler;Strict Tokens: Enabler","",147839,false,false,"Andrew Mar"
"Raphael, the Nightwatcher",4,"Legendary Creature - Mutant Ninja Turtle",R,"tmt","103",rare,null,Not Owned,Non-foil,mainboard,false,,,"Function: Interaction","",147829,false,false,"Greg Staples"
"Mole Module",5,"Artifact - Vehicle",,"tmc","40",rare,null,Not Owned,Non-foil,mainboard,false,,,"Function: Value;Strict Artifacts: Enabler;Strict Combat Damage: Enabler;Strict Graveyard Cast: Enabler;Strict Graveyard Types: Enabler;Strict Noncreature: Enabler;Strict Reanimator: Enabler","",147413,false,false,"Adrián Rodríguez Pérez"
"Black Widow, Super Spy",2,"Legendary Creature - Human Spy Hero",B,"msh","89",mythic,null,Not Owned,Non-foil,mainboard,false,,,"Function: Value;Strict Combat Damage: Enabler;Strict Counters: Enabler;Strict Humans: Enabler;Strict Opponent Cards: Enabler","",152365,false,false,"Dan Brereton"
"Hidden Footblade",1,"Artifact - Equipment",R,"acr","34",uncommon,null,Not Owned,Non-foil,mainboard,false,,,"Strict Artifacts: Enabler;Strict Blink: Payoff;Strict Equipment: Enabler;Strict Noncreature: Enabler","",128034,false,false,"Néstor Ossandón Leal"
"Bejeweled Warg",2,"Creature - Wolf",G,"hob","117",rare,null,Not Owned,Non-foil,mainboard,false,,,"Function: Value;Strict Artifacts: Enabler;Strict Combat Damage: Enabler;Strict Counters: Enabler;Strict Tokens: Enabler","",154170,false,false,"John Di Giovanni"
"Triumph of Saint Katherine",5,"Creature - Human Warrior",W,"40k","17",rare,null,Not Owned,Non-foil,mainboard,false,,,"Function: Value;Strict Dies: Payoff;Strict Humans: Enabler;Strict Lifegain: Enabler;Strict Power 4+: Enabler;Strict Power Matters: Enabler","",108506,false,false,"David Astruga"
"Despark",2,"Instant",BW,"war","190",uncommon,null,Not Owned,Non-foil,mainboard,false,,,"Function: Interaction;Strict Noncreature: Enabler","",71986,false,false,"Slawomir Maniak"
"Foot Chopper",2,"Artifact - Equipment",B,"tmc","17",rare,null,Not Owned,Non-foil,mainboard,false,,,"Function: Value;Strict Artifacts: Enabler;Strict Blink: Payoff;Strict Combat Damage: Enabler;Strict Equipment: Enabler;Strict Noncreature: Enabler;Strict Power Matters: Payoff;Strict Tokens: Enabler","",147363,false,false,"Adrián Rodríguez Pérez"
"Necropotence",3,"Enchantment",B,"ice","154",rare,null,Not Owned,Non-foil,mainboard,false,,,"Function: Value;Strict Enchantments: Enabler;Strict Noncreature: Enabler","",-1,false,false,"Mark Tedin"
"Planetarium of Wan Shi Tong",6,"Legendary Artifact",,"tla","259",mythic,null,Not Owned,Non-foil,mainboard,false,,,"Strict Artifacts: Enabler;Strict Noncreature: Enabler","",145010,false,false,"Robin Olausson"
"Charismatic Conqueror",2,"Creature - Vampire Soldier",W,"lcc","38",rare,null,Not Owned,Non-foil,mainboard,false,,,"Function: Value;Strict Tokens: Enabler","",118460,false,false,"Bram Sels"
"You Find Some Prisoners",2,"Instant",R,"afr","169",uncommon,null,Not Owned,Non-foil,mainboard,false,,,"Function: Interaction;Strict Noncreature: Enabler;Strict Opponent Cards: Enabler","",91840,false,false,"Lie Setiawan"
"Eladamri's Call",2,"Instant",GW,"pls","106",rare,null,Not Owned,Non-foil,mainboard,false,,,"Function: Value;Strict Noncreature: Enabler","",15111,false,false,"Kev Walker"
"Tale of Katara and Toph",3,"Enchantment",G,"tle","143",rare,null,Not Owned,Non-foil,mainboard,false,,,"Strict Counters: Enabler;Strict Enchantments: Enabler;Strict Noncreature: Enabler","",145684,false,false,"Ichiko Milk Tei"
"Tempestra, Dame of Games",2,"Legendary Creature - Elemental Illusion",R,"tmc","27",rare,null,Not Owned,Non-foil,mainboard,false,,,"Function: Value;Strict Artifacts: Payoff;Strict Dies: Enabler;Strict Sacrifice: Enabler;Strict Tokens: Enabler","",147383,false,false,"Hokyoung Kim"
"Ravenous Robots",2,"Artifact Creature - Robot",R,"tmt","106",rare,null,Not Owned,Non-foil,mainboard,false,,,"Function: Value;Strict Artifacts: Enabler;Strict Artifacts: Payoff;Strict Tokens: Enabler","",147835,false,false,"Kevin Sidharta"
"Lessons from Life",4,"Sorcery",GU,"tmt","155",uncommon,null,Not Owned,Non-foil,mainboard,false,,,"Function: Value;Strict Draw: Enabler;Strict Landfall: Enabler;Strict Noncreature: Enabler","",147933,false,false,"Kevin Sidharta"
"Cosmic Cube",5,"Artifact",,"msh","245",mythic,null,Not Owned,Non-foil,mainboard,false,,,"Function: Value;Strict Artifacts: Enabler;Strict Noncreature: Enabler;Strict Power Matters: Payoff","",152679,false,false,"Justyna Dura"
"The Endstone",7,"Legendary Artifact",,"eoe","240",mythic,null,Not Owned,Non-foil,mainboard,false,,,"Function: Value;Strict Artifacts: Enabler;Strict Draw: Enabler;Strict Noncreature: Enabler;Strict Ramp: Glue","",143093,false,false,"Ryan Pancoast"
"Leonardo, Worldly Warrior",8,"Legendary Creature - Mutant Ninja Turtle",W,"tmc","101",mythic,null,Not Owned,Non-foil,mainboard,false,,,"Strict Power 4+: Enabler;Strict Power Matters: Enabler","",147509,false,false,"Nathaniel Himawan"
"Crystal Shard",3,"Artifact",,"mrd","159",uncommon,null,Not Owned,Non-foil,mainboard,false,,,"Function: Interaction;Strict Artifacts: Enabler;Strict Noncreature: Enabler","",20007,false,false,"Doug Chaffee"
"Cloudshift",1,"Instant",W,"avr","12",common,null,Not Owned,Non-foil,mainboard,false,,,"Function: Interaction;Strict Blink: Enabler;Strict Noncreature: Enabler","",43887,false,false,"Howard Lyon"
"Summon: Fenrir",3,"Enchantment Creature - Saga Wolf",G,"fin","203",uncommon,null,Not Owned,Non-foil,mainboard,false,,,"Function: Value;Strict Blink: Payoff;Strict Counters: Enabler;Strict Draw: Enabler;Strict Enchantments: Enabler;Strict Five-Color Domain: Enabler;Strict Landfall: Enabler;Strict Ramp: Enabler","",141349,false,false,"Chun Lo"
"Krang, Master Mind",8,"Legendary Artifact Creature - Utrom Warrior",U,"tmt","43",rare,null,Not Owned,Non-foil,mainboard,false,,,"Function: Value;Strict Artifacts: Enabler;Strict Artifacts: Payoff;Strict Blink: Payoff","",147709,false,false,"Narendra Bintara Adi"
"Aurora Awakener",7,"Creature - Giant Druid",G,"ecl","165",mythic,null,Not Owned,Non-foil,mainboard,false,,,"Function: Value;Strict Blink: Payoff;Strict Five-Color Domain: Payoff;Strict Power 4+: Enabler;Strict Power Matters: Enabler;Strict Ramp: Glue","",146721,false,false,"Paolo Parente"
"Mistmeadow Vanisher",3,"Creature - Kithkin Wizard",UW,"moc","42",rare,null,Not Owned,Non-foil,mainboard,false,,,"Strict Blink: Enabler","",111436,false,false,"Iris Compiet"
"Stridehangar Automaton",3,"Artifact Creature - Construct",,"drc","19",rare,null,Not Owned,Non-foil,mainboard,false,,,"Strict Artifacts: Enabler;Strict Artifacts: Payoff;Strict Tokens: Payoff","",137235,false,false,"Aaron J. Riley"
"Black Bolt, Inhuman King",4,"Legendary Creature - Inhuman Noble Hero",UW,"msc","76",rare,null,Not Owned,Non-foil,mainboard,false,,,"Function: Interaction;Strict Noncreature: Payoff","",150591,false,false,"Irvin Rodriguez"
"Transdimensional Bovine",3,"Creature - Ox Avatar",G,"tmt","134",rare,null,Not Owned,Non-foil,mainboard,false,,,"Strict Ramp: Enabler","",147891,false,false,"Lius Lasahido"
"Power Pack",5,"Legendary Creature - Human Hero",GRUW,"msc","90",rare,null,Not Owned,Non-foil,mainboard,false,,,"Function: Interaction;Strict Combat Damage: Enabler;Strict Five-Color Domain: Payoff;Strict Humans: Enabler;Strict Power 4+: Enabler;Strict Power Matters: Enabler","",150619,false,false,"Billy Christian"
